microsite id,site,latitude,longitude,location,region,country,logger type,zone,tidal height (m),substrate,wave exposure,start date,end date,,,,,
BMRMCABCSI132,CABCSI,48.83906667,-125.2075833,Seppings Island,British Columbia,Canada,8cm epoxy robomussel,Low,1.95,Rocky,exposed,3/29/2004,5/29/2005,,,,,
BMRMCABCSI148,CABCSI,48.83906667,-125.2075833,Seppings Island,British Columbia,Canada,8cm epoxy robomussel,Upper-Mid,2.69,Rocky,exposed,3/29/2004,1/11/2006,,,,,
BMRMCABCSI150,CABCSI,48.83906667,-125.2075833,Seppings Island,British Columbia,Canada,8cm epoxy robomussel,Mid,2.3,Rocky,exposed,10/17/2004,1/11/2006,,,,,
BMRMCABCSI27,CABCSI,48.83906667,-125.2075833,Seppings Island,British Columbia,Canada,8cm epoxy robomussel,High,2.98,Rocky,exposed,3/29/2004,1/11/2006,,,,,
BMRMCABCSI28,CABCSI,48.83906667,-125.2075833,Seppings Island,British Columbia,Canada,8cm epoxy robomussel,Mid,2.3,Rocky,exposed,3/29/2004,1/11/2006,,,,,
BMRMCLCOTE2,CLCOTE,-29.5,-71.32,El Temblador,Coquimbo,Chile,8cm epoxy robomussel,Low,N/A,Rocky,exposed,7/24/2009,8/21/2009,,,,,
BMRMCLCOTE4,CLCOTE,-29.5,-71.32,El Temblador,Coquimbo,Chile,8cm epoxy robomussel,High,N/A,Rocky,exposed,8/8/2009,8/21/2009,,,,,
BMRMCLCOTE5,CLCOTE,-29.5,-71.32,El Temblador,Coquimbo,Chile,8cm epoxy robomussel,High,N/A,Rocky,exposed,7/25/2009,11/28/2009,,,,,
BMRMCLCOTE6,CLCOTE,-29.5,-71.32,El Temblador,Coquimbo,Chile,8cm epoxy robomussel,High,N/A,Rocky,exposed,7/24/2009,10/6/2009,,,,,
BMRMCLCOGU2,CLCOGU,-30.18,-71.47,Guanaqueros,Coquimbo,Chile,8cm epoxy robomussel,Low,N/A,Rocky,exposed,8/8/2009,8/18/2009,,,,,
BMRMCLCOGU3,CLCOGU,-30.18,-71.47,Guanaqueros,Coquimbo,Chile,8cm epoxy robomussel,High,N/A,Rocky,exposed,8/8/2009,9/2/2009,,,,,
BMRMCLCOGU5,CLCOGU,-30.18,-71.47,Guanaqueros,Coquimbo,Chile,8cm epoxy robomussel,High,N/A,Rocky,exposed,8/8/2009,9/2/2009,,,,,
BMRMCLCOPT2,CLCOPT,-30.92,-71.5,Punta Talca,Coquimbo,Chile,8cm epoxy robomussel,Low,N/A,Rocky,exposed,8/7/2009,9/4/2009,,,,,
BMRMCLCOPT3,CLCOPT,-30.92,-71.5,Punta Talca,Coquimbo,Chile,8cm epoxy robomussel,Low,N/A,Rocky,exposed,8/7/2009,10/6/2009,,,,,
BMRMCLCOPT4,CLCOPT,-30.92,-71.5,Punta Talca,Coquimbo,Chile,8cm epoxy robomussel,Mid,N/A,Rocky,exposed,8/7/2009,9/4/2009,,,,,
BMRMCLCOPT5,CLCOPT,-30.92,-71.5,Punta Talca,Coquimbo,Chile,8cm epoxy robomussel,Mid,N/A,Rocky,exposed,8/7/2009,9/4/2009,,,,,
BMRMCLCOPT6,CLCOPT,-30.92,-71.5,Punta Talca,Coquimbo,Chile,8cm epoxy robomussel,Low,N/A,Rocky,exposed,8/7/2009,9/4/2009,,,,,
BMRMCLCOPT7,CLCOPT,-30.92,-71.5,Punta Talca,Coquimbo,Chile,8cm epoxy robomussel,Low,N/A,Rocky,exposed,8/7/2009,9/4/2009,,,,,
BMRMMXBCBE1,MXBCBE,26.23765623,-112.47857,Baja Escorpion,Baja,Mexico,8cm epoxy robomussel,High,N/A,Rocky,N/A,11/15/2008,8/15/2009,,,,,
BMRMMXBCBE4,MXBCBE,26.23765623,-112.47857,Baja Escorpion,Baja,Mexico,8cm epoxy robomussel,Lower-Mid,N/A,Rocky,N/A,11/15/2008,8/15/2009,,,,,
BMRMMXBCBT1,MXBCBT,27.684879,-114.9365136,Baja Tortugas,Baja,Mexico,8cm epoxy robomussel,Low,N/A,Rocky,N/A,4/16/2007,12/12/2008,,,,,
BMRMMXBCBT2,MXBCBT,27.684879,-114.9365136,Baja Tortugas,Baja,Mexico,8cm epoxy robomussel,Mid,N/A,Rocky,N/A,4/16/2007,1/13/2008,,,,,
BMRMMXBCBT3,MXBCBT,27.684879,-114.9365136,Baja Tortugas,Baja,Mexico,8cm epoxy robomussel,High,N/A,Rocky,N/A,4/16/2007,7/7/2009,,,,,
BMRMMXBCBM310,MXBCBM,31.980278,-116.793889,Bajamar,Baja,Mexico,8cm epoxy robomussel,Low,0.08,Rocky,protected,12/6/2006,11/14/2008,,,,,
BMRMMXBCBM311,MXBCBM,31.980278,-116.793889,Bajamar,Baja,Mexico,8cm epoxy robomussel,Mid,0.34,Rocky,protected,12/6/2006,3/8/2009,,,,,
BMRMMXBCBM312,MXBCBM,31.980278,-116.793889,Bajamar,Baja,Mexico,8cm epoxy robomussel,High,0.49,Rocky,exposed,12/6/2006,7/23/2009,,,,,
BMRMMXBCER304,MXBCER,31.32033333,-116.4362333,Erendira,Baja,Mexico,8cm epoxy robomussel,Low,0.15,Rocky,exposed,6/6/2007,3/7/2009,,,,,
BMRMMXBCER305,MXBCER,31.32033333,-116.4362333,Erendira,Baja,Mexico,8cm epoxy robomussel,High,0.77,Rocky,exposed,6/6/2007,3/7/2009,,,,,
BMRMMXBCER313,MXBCER,31.32033333,-116.4362333,Erendira,Baja,Mexico,8cm epoxy robomussel,Mid,0.49,Rocky,exposed,12/7/2006,7/24/2009,,,,,
BMRMMXBCES301,MXBCES,28.51683333,-114.0724,Esmeralda,Baja,Mexico,8cm epoxy robomussel,High,0.62,Rocky,exposed,6/15/2007,11/12/2008,,,,,
BMRMMXBCES302,MXBCES,28.51683333,-114.0724,Esmeralda,Baja,Mexico,8cm epoxy robomussel,Mid,0.21,Rocky,exposed,6/15/2007,11/12/2008,,,,,
BMRMMXBCES303,MXBCES,28.51683333,-114.0724,Esmeralda,Baja,Mexico,8cm epoxy robomussel,Low,-0.13,Rocky,exposed,6/15/2007,11/12/2008,,,,,
BMRMMXBCCR1,MXBCCR,23.32882355,-110.1810739,Los Cerritos,Baja,Mexico,8cm epoxy robomussel,Low,N/A,Rocky,N/A,3/22/2008,10/29/2008,,,,,
BMRMMXBCCR2,MXBCCR,23.32882355,-110.1810739,Los Cerritos,Baja,Mexico,8cm epoxy robomussel,Mid,N/A,Rocky,N/A,3/22/2008,10/29/2008,,,,,
BMRMMXBCCR3,MXBCCR,23.32882355,-110.1810739,Los Cerritos,Baja,Mexico,8cm epoxy robomussel,High,N/A,Rocky,N/A,3/22/2008,4/15/2009,,,,,
BMRMMXBCOJ306,MXBCOJ,28.88225,-114.4237667,Los Ojitos,Baja,Mexico,8cm epoxy robomussel,High,N/A,Rocky,exposed,6/16/2007,4/27/2009,,,,,
BMRMMXBCOJ307,MXBCOJ,28.88225,-114.4237667,Los Ojitos,Baja,Mexico,8cm epoxy robomussel,Mid,N/A,Rocky,exposed,12/5/2006,6/6/2008,,,,,
BMRMMXBCOJ308,MXBCOJ,28.88225,-114.4237667,Los Ojitos,Baja,Mexico,8cm epoxy robomussel,Low,N/A,Rocky,exposed,12/10/2007,4/27/2009,,,,,
BMRMMXBCAB1,MXBCAB,26.72622266,-113.5450496,Punta Abreojo,Baja,Mexico,8cm epoxy robomussel,High,N/A,Rocky,N/A,4/18/2007,1/13/2008,,,,,
BMRMMXBCAB3,MXBCAB,26.72622266,-113.5450496,Punta Abreojo,Baja,Mexico,8cm epoxy robomussel,Low,N/A,Rocky,N/A,4/18/2007,2/5/2009,,,,,
BMRMMXBCPB309,MXBCPB,29.94968333,-115.8134333,Punta Baja,Baja,Mexico,8cm epoxy robomussel,Low,-0.15,Rocky,exposed,12/5/2006,4/28/2009,,,,,
BMRMMXBCPB313,MXBCPB,29.94968333,-115.8134333,Punta Baja,Baja,Mexico,8cm epoxy robomussel,High,0.69,Rocky,exposed,6/17/2007,11/15/2008,,,,,
BMRMMXBCPB314,MXBCPB,29.94968333,-115.8134333,Punta Baja,Baja,Mexico,8cm epoxy robomussel,Mid,0.46,Rocky,exposed,12/5/2006,11/15/2008,,,,,
BMRMMXBCPM1,MXBCPM,31.861389,-116.667778,Punta Morro,Baja,Mexico,8cm epoxy robomussel,Low,N/A,Rocky,exposed,6/7/2007,11/12/2008,,,,,
BMRMMXBCPM2,MXBCPM,31.861389,-116.667778,Punta Morro,Baja,Mexico,8cm epoxy robomussel,Mid,0.29,Rocky,exposed,6/7/2007,3/6/2009,,,,,
BMRMMXBCPM3,MXBCPM,31.861389,-116.667778,Punta Morro,Baja,Mexico,8cm epoxy robomussel,High,N/A,Rocky,exposed,6/7/2008,3/6/2009,,,,,
BMRMNZAKAW186,NZAKAW,-36.917,174.4500333,Anawhata,Auckland,New Zealand,8cm epoxy robomussel,Low,N/A,Rocky,exposed,2/2/2006,2/24/2008,,,,,
BMRMNZAKAW187,NZAKAW,-36.917,174.4500333,Anawhata,Auckland,New Zealand,8cm epoxy robomussel,Mid,N/A,Rocky,exposed,1/13/2008,2/24/2008,,,,,
BMRMNZAKAW189,NZAKAW,-36.917,174.4500333,Anawhata,Auckland,New Zealand,8cm epoxy robomussel,Mid,N/A,Rocky,exposed,1/13/2008,2/24/2008,,,,,
BMRMNZAKAW190,NZAKAW,-36.917,174.4500333,Anawhata,Auckland,New Zealand,8cm epoxy robomussel,High,N/A,Rocky,exposed,2/2/2006,12/5/2006,,,,,
BMRMNZAKPK307,NZAKPK,-36.2598,174.7530667,Pakiri,Auckland,New Zealand,8cm epoxy robomussel,Mid,N/A,Rocky,exposed,1/31/2008,2/27/2008,,,,,
BMRMNZAKPK308,NZAKPK,-36.2598,174.7530667,Pakiri,Auckland,New Zealand,8cm epoxy robomussel,Mid,N/A,Rocky,exposed,1/31/2008,2/27/2008,,,,,
BMRMNZAKPK309,NZAKPK,-36.2598,174.7530667,Pakiri,Auckland,New Zealand,8cm epoxy robomussel,Mid,N/A,Rocky,exposed,1/31/2006,12/5/2006,,,,,
BMRMNZCBBT1,NZCBBT,-43.3506,172.79015,Box Thumb,Cantebury,New Zealand,8cm epoxy robomussel,High,N/A,Rocky,exposed,10/24/2007,8/17/2008,,,,,
BMRMNZCBBT2,NZCBBT,-43.3506,172.79015,Box Thumb,Cantebury,New Zealand,8cm epoxy robomussel,High,N/A,Rocky,exposed,10/24/2007,8/17/2008,,,,,
BMRMNZCBBT4,NZCBBT,-43.3506,172.79015,Box Thumb,Cantebury,New Zealand,8cm epoxy robomussel,Mid,N/A,Rocky,exposed,10/24/2007,8/17/2008,,,,,
BMRMNZCBBT6,NZCBBT,-43.3506,172.79015,Box Thumb,Cantebury,New Zealand,8cm epoxy robomussel,Low,N/A,Rocky,exposed,3/22/2006,2/22/2007,,,,,
BMRMNZCMWW315,NZCMWW,-36.77893333,175.7486,Whau Whau Beach,Coromandel,New Zealand,8cm epoxy robomussel,High,N/A,Rocky,exposed,2/1/2006,12/5/2006,,,,,
BMRMNZNLEB304,NZNLEB,-35.11476667,173.9604333,Elliots Beach,Northland,New Zealand,8cm epoxy robomussel,Mid,N/A,Rocky,exposed,2/2/2006,12/5/2006,,,,,
BMRMNZNLEB305,NZNLEB,-35.11476667,173.9604333,Elliots Beach,Northland,New Zealand,8cm epoxy robomussel,High,N/A,Rocky,exposed,2/1/2006,12/5/2006,,,,,
BMRMNZNLHH199,NZNLHH,-35.29461667,173.1570833,Herekino Harbour,Northland,New Zealand,8cm epoxy robomussel,Mid,N/A,Rocky,exposed,1/28/2006,12/5/2006,,,,,
BMRMNZNLMB191,NZNLMB,-36.75161667,173.5695333,Maunganui Bluff,Northland,New Zealand,8cm epoxy robomussel,Low,N/A,Rocky,exposed,1/26/2006,12/5/2006,,,,,
BMRMNZNLMB192,NZNLMB,-36.75161667,173.5695333,Maunganui Bluff,Northland,New Zealand,8cm epoxy robomussel,Mid,N/A,Rocky,exposed,1/26/2006,12/5/2006,,,,,
BMRMNZNLMB194,NZNLMB,-36.75161667,173.5695333,Maunganui Bluff,Northland,New Zealand,8cm epoxy robomussel,Mid,N/A,Rocky,exposed,1/26/2006,12/5/2006,,,,,
BMRMNZWCWB1,NZWCWB,-42.019,171.22712,Woodpecker Bay,West Coast,New Zealand,8cm epoxy robomussel,High,N/A,Rocky,exposed,10/26/2007,8/17/2008,,,,,
BMRMNZWCWB3,NZWCWB,-42.019,171.22712,Woodpecker Bay,West Coast,New Zealand,8cm epoxy robomussel,Mid,N/A,Rocky,exposed,3/28/2006,2/20/2007,,,,,
BMRMNZWCWB4,NZWCWB,-42.019,171.22712,Woodpecker Bay,West Coast,New Zealand,8cm epoxy robomussel,Mid,N/A,Rocky,exposed,3/28/2006,8/17/2008,,,,,
BMRMNZWCWB5,NZWCWB,-42.019,171.22712,Woodpecker Bay,West Coast,New Zealand,8cm epoxy robomussel,Low,N/A,Rocky,exposed,3/28/2006,8/17/2008,,,,,
BMRMNZWCWB6,NZWCWB,-42.019,171.22712,Woodpecker Bay,West Coast,New Zealand,8cm epoxy robomussel,Low,N/A,Rocky,exposed,10/28/2007,8/17/2008,,,,,
BMRMZAECCA10,ZAECCA,-34.209481,24.837365,Cape St Francis,Eastern Cape,South Africa,8cm epoxy robomussel,Mid,N/A,Rocky,exposed,7/2/2014,11/4/2014,,,,,
BMRMZAECCA100,ZAECCA,-34.209481,24.837365,Cape St Francis,Eastern Cape,South Africa,8cm epoxy robomussel,Mid,N/A,Rocky,exposed,6/13/2014,8/9/2014,,,,,
BMRMZAECCA110,ZAECCA,-34.209481,24.837365,Cape St Francis,Eastern Cape,South Africa,8cm epoxy robomussel,Mid,N/A,Rocky,exposed,6/13/2014,11/4/2014,,,,,
BMRMZAECCA120,ZAECCA,-34.209481,24.837365,Cape St Francis,Eastern Cape,South Africa,8cm epoxy robomussel,Mid,N/A,Rocky,exposed,6/13/2014,11/4/2014,,,,,
BMRMZAECCA130,ZAECCA,-34.209481,24.837365,Cape St Francis,Eastern Cape,South Africa,8cm epoxy robomussel,Mid,N/A,Rocky,exposed,6/13/2014,2/7/2015,,,,,
BMRMZAECCA140,ZAECCA,-34.209481,24.837365,Cape St Francis,Eastern Cape,South Africa,8cm epoxy robomussel,Mid,N/A,Rocky,exposed,6/13/2014,2/7/2015,,,,,
BMRMZAECCA150,ZAECCA,-34.209481,24.837365,Cape St Francis,Eastern Cape,South Africa,8cm epoxy robomussel,Mid,N/A,Rocky,exposed,6/13/2014,7/11/2014,,,,,
BMRMZAECCA20,ZAECCA,-34.209481,24.837365,Cape St Francis,Eastern Cape,South Africa,8cm epoxy robomussel,Mid,N/A,Rocky,exposed,8/26/2014,10/8/2014,,,,,
BMRMZAECCA30,ZAECCA,-34.209481,24.837365,Cape St Francis,Eastern Cape,South Africa,8cm epoxy robomussel,Mid,N/A,Rocky,exposed,10/8/2014,11/4/2014,,,,,
BMRMZAECCA40,ZAECCA,-34.209481,24.837365,Cape St Francis,Eastern Cape,South Africa,8cm epoxy robomussel,Mid,N/A,Rocky,exposed,6/13/2014,8/9/2014,,,,,
BMRMZAECCA50,ZAECCA,-34.209481,24.837365,Cape St Francis,Eastern Cape,South Africa,8cm epoxy robomussel,Mid,N/A,Rocky,exposed,6/13/2014,10/8/2014,,,,,
BMRMZAECCA60,ZAECCA,-34.209481,24.837365,Cape St Francis,Eastern Cape,South Africa,8cm epoxy robomussel,Mid,N/A,Rocky,exposed,6/13/2014,11/4/2014,,,,,
BMRMZAECCA70,ZAECCA,-34.209481,24.837365,Cape St Francis,Eastern Cape,South Africa,8cm epoxy robomussel,Mid,N/A,Rocky,exposed,10/8/2014,11/4/2014,,,,,
BMRMZAECCA80,ZAECCA,-34.209481,24.837365,Cape St Francis,Eastern Cape,South Africa,8cm epoxy robomussel,Mid,N/A,Rocky,exposed,6/13/2014,2/7/2015,,,,,
BMRMZAECCA90,ZAECCA,-34.209481,24.837365,Cape St Francis,Eastern Cape,South Africa,8cm epoxy robomussel,Mid,N/A,Rocky,exposed,6/13/2014,2/7/2015,,,,,
BMRMZAECJO10,ZAECJO,-34.419813,21.357435,Jongensfontein,Eastern Cape,South Africa,8cm epoxy robomussel,Mid,N/A,Rocky,exposed,7/14/2014,11/6/2014,,,,,
BMRMZAECJO100,ZAECJO,-34.419813,21.357435,Jongensfontein,Eastern Cape,South Africa,8cm epoxy robomussel,Mid,N/A,Rocky,exposed,10/9/2014,11/6/2014,,,,,
BMRMZAECJO110,ZAECJO,-34.419813,21.357435,Jongensfontein,Eastern Cape,South Africa,8cm epoxy robomussel,Mid,N/A,Rocky,exposed,10/24/2014,12/6/2014,,,,,
BMRMZAECJO120,ZAECJO,-34.419813,21.357435,Jongensfontein,Eastern Cape,South Africa,8cm epoxy robomussel,Mid,N/A,Rocky,exposed,12/6/2014,1/20/2015,,,,,
BMRMZAECJO140,ZAECJO,-34.419813,21.357435,Jongensfontein,Eastern Cape,South Africa,8cm epoxy robomussel,Mid,N/A,Rocky,exposed,7/14/2014,12/6/2014,,,,,
BMRMZAECJO150,ZAECJO,-34.419813,21.357435,Jongensfontein,Eastern Cape,South Africa,8cm epoxy robomussel,Mid,N/A,Rocky,exposed,7/14/2014,8/11/2014,,,,,
BMRMZAECJO160,ZAECJO,-34.419813,21.357435,Jongensfontein,Eastern Cape,South Africa,8cm epoxy robomussel,Mid,N/A,Rocky,exposed,7/14/2014,8/11/2014,,,,,
BMRMZAECJO170,ZAECJO,-34.419813,21.357435,Jongensfontein,Eastern Cape,South Africa,8cm epoxy robomussel,Mid,N/A,Rocky,exposed,8/11/2014,1/20/2015,,,,,
BMRMZAECJO180,ZAECJO,-34.419813,21.357435,Jongensfontein,Eastern Cape,South Africa,8cm epoxy robomussel,Mid,N/A,Rocky,exposed,7/14/2014,8/11/2014,,,,,
BMRMZAECJO190,ZAECJO,-34.419813,21.357435,Jongensfontein,Eastern Cape,South Africa,8cm epoxy robomussel,Mid,N/A,Rocky,exposed,7/14/2014,8/11/2014,,,,,
BMRMZAECJO20,ZAECJO,-34.419813,21.357435,Jongensfontein,Eastern Cape,South Africa,8cm epoxy robomussel,Mid,N/A,Rocky,exposed,7/14/2014,1/20/2015,,,,,
BMRMZAECJO200,ZAECJO,-34.419813,21.357435,Jongensfontein,Eastern Cape,South Africa,8cm epoxy robomussel,Mid,N/A,Rocky,exposed,7/14/2014,8/11/2014,,,,,
BMRMZAECJO210,ZAECJO,-34.419813,21.357435,Jongensfontein,Eastern Cape,South Africa,8cm epoxy robomussel,Mid,N/A,Rocky,exposed,8/11/2014,11/6/2014,,,,,
BMRMZAECJO220,ZAECJO,-34.419813,21.357435,Jongensfontein,Eastern Cape,South Africa,8cm epoxy robomussel,Mid,N/A,Rocky,exposed,10/9/2014,12/6/2014,,,,,
BMRMZAECJO230,ZAECJO,-34.419813,21.357435,Jongensfontein,Eastern Cape,South Africa,8cm epoxy robomussel,Mid,N/A,Rocky,exposed,10/24/2014,12/6/2014,,,,,
BMRMZAECJO240,ZAECJO,-34.419813,21.357435,Jongensfontein,Eastern Cape,South Africa,8cm epoxy robomussel,Mid,N/A,Rocky,exposed,12/6/2014,1/20/2015,,,,,
BMRMZAECJO30,ZAECJO,-34.419813,21.357435,Jongensfontein,Eastern Cape,South Africa,8cm epoxy robomussel,Mid,N/A,Rocky,exposed,10/24/2014,12/6/2014,,,,,
BMRMZAECJO40,ZAECJO,-34.419813,21.357435,Jongensfontein,Eastern Cape,South Africa,8cm epoxy robomussel,Mid,N/A,Rocky,exposed,12/6/2014,1/20/2015,,,,,
BMRMZAECJO50,ZAECJO,-34.419813,21.357435,Jongensfontein,Eastern Cape,South Africa,8cm epoxy robomussel,Mid,N/A,Rocky,exposed,7/14/2014,8/11/2014,,,,,
BMRMZAECJO60,ZAECJO,-34.419813,21.357435,Jongensfontein,Eastern Cape,South Africa,8cm epoxy robomussel,Mid,N/A,Rocky,exposed,7/14/2014,8/11/2014,,,,,
BMRMZAECJO70,ZAECJO,-34.419813,21.357435,Jongensfontein,Eastern Cape,South Africa,8cm epoxy robomussel,Mid,N/A,Rocky,exposed,8/27/2014,10/9/2014,,,,,
BMRMZAECJO80,ZAECJO,-34.419813,21.357435,Jongensfontein,Eastern Cape,South Africa,8cm epoxy robomussel,Mid,N/A,Rocky,exposed,8/27/2014,10/9/2014,,,,,
BMRMZAECKE100,ZAECKE,-33.69416,26.66777,Kenton-on-sea,Eastern Cape,South Africa,8cm epoxy robomussel,Low,N/A,Rocky,moderately exposed,5/24/2007,8/17/2007,,,,,
BMRMZAECKE101,ZAECKE,-33.69416,26.66777,Kenton-on-sea,Eastern Cape,South Africa,8cm epoxy robomussel,Low,N/A,Rocky,moderately exposed,5/24/2007,8/17/2007,,,,,
BMRMZAECKE200,ZAECKE,-33.69416,26.66777,Kenton-on-sea,Eastern Cape,South Africa,8cm epoxy robomussel,Low,N/A,Rocky,moderately exposed,5/24/2007,8/17/2007,,,,,
BMRMZAECKE201,ZAECKE,-33.69416,26.66777,Kenton-on-sea,Eastern Cape,South Africa,8cm epoxy robomussel,Low,N/A,Rocky,moderately exposed,5/24/2007,8/17/2007,,,,,
BMRMZAECKB100,ZAECKB,-33.1475,27.70333,Kidd's Beach,Eastern Cape,South Africa,8cm epoxy robomussel,Low,N/A,Rocky,moderately exposed,5/23/2007,8/17/2007,,,,,
BMRMZAECKB101,ZAECKB,-33.1475,27.70333,Kidd's Beach,Eastern Cape,South Africa,8cm epoxy robomussel,Low,N/A,Rocky,moderately exposed,5/23/2007,8/17/2007,,,,,
BMRMZAECKB200,ZAECKB,-33.1475,27.70333,Kidd's Beach,Eastern Cape,South Africa,8cm epoxy robomussel,Low,N/A,Rocky,moderately exposed,5/23/2007,8/17/2007,,,,,
BMRMZAECKB201,ZAECKB,-33.1475,27.70333,Kidd's Beach,Eastern Cape,South Africa,8cm epoxy robomussel,Low,N/A,Rocky,moderately exposed,5/23/2007,8/17/2007,,,,,
BMRMZAECKB300,ZAECKB,-33.1475,27.70333,Kidd's Beach,Eastern Cape,South Africa,8cm epoxy robomussel,Low,N/A,Rocky,moderately exposed,8/19/2007,8/24/2007,,,,,
BMRMZAECMB10,ZAECMB,-32.711101,28.339619,Morgans Bay,Eastern Cape,South Africa,8cm epoxy robomussel,Mid,N/A,Rocky,moderately exposed,9/11/2014,12/10/2014,,,,,
BMRMZAECMB100,ZAECMB,-32.711101,28.339619,Morgans Bay,Eastern Cape,South Africa,8cm epoxy robomussel,Mid,N/A,Rocky,moderately exposed,12/10/2014,12/20/2014,,,,,
BMRMZAECMB110,ZAECMB,-32.711101,28.339619,Morgans Bay,Eastern Cape,South Africa,8cm epoxy robomussel,Mid,N/A,Rocky,moderately exposed,12/26/2014,2/7/2015,,,,,
BMRMZAECMB20,ZAECMB,-32.711101,28.339619,Morgans Bay,Eastern Cape,South Africa,8cm epoxy robomussel,Mid,N/A,Rocky,moderately exposed,10/7/2014,12/10/2014,,,,,
BMRMZAECMB30,ZAECMB,-32.711101,28.339619,Morgans Bay,Eastern Cape,South Africa,8cm epoxy robomussel,Mid,N/A,Rocky,moderately exposed,12/10/2014,12/20/2014,,,,,
BMRMZAECMB40,ZAECMB,-32.711101,28.339619,Morgans Bay,Eastern Cape,South Africa,8cm epoxy robomussel,Mid,N/A,Rocky,moderately exposed,12/26/2014,2/7/2015,,,,,
BMRMZAECMB50,ZAECMB,-32.711101,28.339619,Morgans Bay,Eastern Cape,South Africa,8cm epoxy robomussel,Mid,N/A,Rocky,moderately exposed,6/12/2014,8/1/2014,,,,,
BMRMZAECMB60,ZAECMB,-32.711101,28.339619,Morgans Bay,Eastern Cape,South Africa,8cm epoxy robomussel,Mid,N/A,Rocky,moderately exposed,6/12/2014,8/1/2014,,,,,
BMRMZAECMB70,ZAECMB,-32.711101,28.339619,Morgans Bay,Eastern Cape,South Africa,8cm epoxy robomussel,Mid,N/A,Rocky,moderately exposed,8/1/2014,10/7/2014,,,,,
BMRMZAECMB80,ZAECMB,-32.711101,28.339619,Morgans Bay,Eastern Cape,South Africa,8cm epoxy robomussel,Mid,N/A,Rocky,moderately exposed,8/1/2014,10/7/2014,,,,,
BMRMZAECMB90,ZAECMB,-32.711101,28.339619,Morgans Bay,Eastern Cape,South Africa,8cm epoxy robomussel,Mid,N/A,Rocky,moderately exposed,10/28/2014,12/10/2014,,,,,
BMRMZAECSK100,ZAECSK,-34.04083,25.53333,Skoenmakerskop,Eastern Cape,South Africa,8cm epoxy robomussel,Low,N/A,Rocky,moderately exposed,5/22/2007,8/12/2007,,,,,
BMRMZAECSK101,ZAECSK,-34.04083,25.53333,Skoenmakerskop,Eastern Cape,South Africa,8cm epoxy robomussel,Low,N/A,Rocky,moderately exposed,5/22/2007,8/12/2007,,,,,
BMRMZAKNBA10,ZAKNBA,-29.483833,31.259218,Ballito,KwaZulu-Natal,South Africa,8cm epoxy robomussel,Mid,N/A,Rocky,exposed,6/18/2014,7/30/2014,,,,,
BMRMZAKNBA100,ZAKNBA,-29.483833,31.259218,Ballito,KwaZulu-Natal,South Africa,8cm epoxy robomussel,Mid,N/A,Rocky,exposed,8/24/2014,10/6/2014,,,,,
BMRMZAKNBA110,ZAKNBA,-29.483833,31.259218,Ballito,KwaZulu-Natal,South Africa,8cm epoxy robomussel,Mid,N/A,Rocky,exposed,11/8/2014,12/21/2014,,,,,
BMRMZAKNBA120,ZAKNBA,-29.483833,31.259218,Ballito,KwaZulu-Natal,South Africa,8cm epoxy robomussel,Mid,N/A,Rocky,exposed,12/21/2014,2/5/2015,,,,,
BMRMZAKNBA20,ZAKNBA,-29.483833,31.259218,Ballito,KwaZulu-Natal,South Africa,8cm epoxy robomussel,Mid,N/A,Rocky,exposed,7/17/2014,8/28/2014,,,,,
BMRMZAKNBA30,ZAKNBA,-29.483833,31.259218,Ballito,KwaZulu-Natal,South Africa,8cm epoxy robomussel,Mid,N/A,Rocky,exposed,8/28/2014,10/6/2014,,,,,
BMRMZAKNBA40,ZAKNBA,-29.483833,31.259218,Ballito,KwaZulu-Natal,South Africa,8cm epoxy robomussel,Mid,N/A,Rocky,exposed,8/28/2014,9/10/2014,,,,,
BMRMZAKNBA50,ZAKNBA,-29.483833,31.259218,Ballito,KwaZulu-Natal,South Africa,8cm epoxy robomussel,Mid,N/A,Rocky,exposed,10/6/2014,2/5/2015,,,,,
BMRMZAKNBA60,ZAKNBA,-29.483833,31.259218,Ballito,KwaZulu-Natal,South Africa,8cm epoxy robomussel,Mid,N/A,Rocky,exposed,12/21/2014,2/5/2015,,,,,
BMRMZAKNBA70,ZAKNBA,-29.483833,31.259218,Ballito,KwaZulu-Natal,South Africa,8cm epoxy robomussel,Mid,N/A,Rocky,exposed,6/10/2014,7/30/2014,,,,,
BMRMZAKNBA80,ZAKNBA,-29.483833,31.259218,Ballito,KwaZulu-Natal,South Africa,8cm epoxy robomussel,Mid,N/A,Rocky,exposed,6/10/2014,7/30/2014,,,,,
BMRMZAKNBA90,ZAKNBA,-29.483833,31.259218,Ballito,KwaZulu-Natal,South Africa,8cm epoxy robomussel,Mid,N/A,Rocky,exposed,6/10/2014,10/6/2014,,,,,
BMRMZAKNPE10,ZAKNPE,-31.048014,30.230186,Port Edward,KwaZulu-Natal,South Africa,8cm epoxy robomussel,Mid,N/A,Rocky,exposed,6/18/2014,7/31/2014,,,,,
BMRMZAKNPE100,ZAKNPE,-31.048014,30.230186,Port Edward,KwaZulu-Natal,South Africa,8cm epoxy robomussel,Mid,N/A,Rocky,exposed,12/23/2014,2/6/2015,,,,,
BMRMZAKNPE20,ZAKNPE,-31.048014,30.230186,Port Edward,KwaZulu-Natal,South Africa,8cm epoxy robomussel,Mid,N/A,Rocky,exposed,6/18/2014,7/31/2014,,,,,
BMRMZAKNPE30,ZAKNPE,-31.048014,30.230186,Port Edward,KwaZulu-Natal,South Africa,8cm epoxy robomussel,Mid,N/A,Rocky,exposed,8/30/2014,10/6/2014,,,,,
BMRMZAKNPE40,ZAKNPE,-31.048014,30.230186,Port Edward,KwaZulu-Natal,South Africa,8cm epoxy robomussel,Mid,N/A,Rocky,exposed,11/10/2014,12/23/2014,,,,,
BMRMZAKNPE50,ZAKNPE,-31.048014,30.230186,Port Edward,KwaZulu-Natal,South Africa,8cm epoxy robomussel,Mid,N/A,Rocky,exposed,11/10/2014,12/23/2014,,,,,
BMRMZAKNPE60,ZAKNPE,-31.048014,30.230186,Port Edward,KwaZulu-Natal,South Africa,8cm epoxy robomussel,Mid,N/A,Rocky,exposed,6/18/2014,10/6/2014,,,,,
BMRMZAKNPE80,ZAKNPE,-31.048014,30.230186,Port Edward,KwaZulu-Natal,South Africa,8cm epoxy robomussel,Mid,N/A,Rocky,exposed,11/10/2014,12/23/2014,,,,,
BMRMZAKNPE90,ZAKNPE,-31.048014,30.230186,Port Edward,KwaZulu-Natal,South Africa,8cm epoxy robomussel,Mid,N/A,Rocky,exposed,12/23/2014,2/6/2015,,,,,
BMRMZANCHO100,ZANCHO,-30.306139,17.270707,Hondeklipbaai,Northern Cape,South Africa,8cm epoxy robomussel,Mid,N/A,Rocky,exposed,6/18/2014,1/16/2015,,,,,
BMRMZANCHO1000,ZANCHO,-30.306139,17.270707,Hondeklipbaai,Northern Cape,South Africa,8cm epoxy robomussel,Mid,N/A,Rocky,exposed,12/7/2014,1/16/2015,,,,,
BMRMZANCHO1100,ZANCHO,-30.306139,17.270707,Hondeklipbaai,Northern Cape,South Africa,8cm epoxy robomussel,Mid,N/A,Rocky,exposed,12/7/2014,1/16/2015,,,,,
BMRMZANCHO200,ZANCHO,-30.306139,17.270707,Hondeklipbaai,Northern Cape,South Africa,8cm epoxy robomussel,Mid,N/A,Rocky,exposed,6/18/2014,1/16/2015,,,,,
BMRMZANCHO300,ZANCHO,-30.306139,17.270707,Hondeklipbaai,Northern Cape,South Africa,8cm epoxy robomussel,Mid,N/A,Rocky,exposed,8/30/2014,10/12/2014,,,,,
BMRMZANCHO400,ZANCHO,-30.306139,17.270707,Hondeklipbaai,Northern Cape,South Africa,8cm epoxy robomussel,Mid,N/A,Rocky,exposed,12/7/2014,1/16/2015,,,,,
BMRMZANCHO500,ZANCHO,-30.306139,17.270707,Hondeklipbaai,Northern Cape,South Africa,8cm epoxy robomussel,Mid,N/A,Rocky,exposed,6/18/2014,9/26/2014,,,,,
BMRMZANCHO600,ZANCHO,-30.306139,17.270707,Hondeklipbaai,Northern Cape,South Africa,8cm epoxy robomussel,Mid,N/A,Rocky,exposed,6/18/2014,8/14/2014,,,,,
BMRMZANCHO700,ZANCHO,-30.306139,17.270707,Hondeklipbaai,Northern Cape,South Africa,8cm epoxy robomussel,Mid,N/A,Rocky,exposed,10/12/2014,11/9/2014,,,,,
BMRMZANCHO800,ZANCHO,-30.306139,17.270707,Hondeklipbaai,Northern Cape,South Africa,8cm epoxy robomussel,Mid,N/A,Rocky,exposed,10/25/2014,12/7/2014,,,,,
BMRMZANCHO900,ZANCHO,-30.306139,17.270707,Hondeklipbaai,Northern Cape,South Africa,8cm epoxy robomussel,Mid,N/A,Rocky,exposed,12/7/2014,1/16/2015,,,,,
BMRMZAWCBT10,ZAWCBT,-34.075213,23.023874,Brenton,Western Cape,South Africa,8cm epoxy robomussel,Mid,0.6,Rocky,exposed,7/4/2014,7/13/2014,,,,,
BMRMZAWCBT100,ZAWCBT,-34.075213,23.023874,Brenton,Western Cape,South Africa,8cm epoxy robomussel,Mid,0.6,Rocky,exposed,8/26/2014,10/8/2014,,,,,
BMRMZAWCBT1001,ZAWCBT,-34.075213,23.023874,Brenton,Western Cape,South Africa,8cm epoxy robomussel,High,1,Rocky,exposed,10/8/2015,1/26/2016,,,,,
BMRMZAWCBT1002,ZAWCBT,-34.075213,23.023874,Brenton,Western Cape,South Africa,8cm epoxy robomussel,High,1,Rocky,exposed,10/8/2015,1/26/2016,,,,,
BMRMZAWCBT1003,ZAWCBT,-34.075213,23.023874,Brenton,Western Cape,South Africa,8cm epoxy robomussel,High,1,Rocky,exposed,10/8/2015,1/26/2016,,,,,
BMRMZAWCBT1004,ZAWCBT,-34.075213,23.023874,Brenton,Western Cape,South Africa,8cm epoxy robomussel,High,1,Rocky,exposed,12/5/2015,1/16/2016,,,,,
BMRMZAWCBT1005,ZAWCBT,-34.075213,23.023874,Brenton,Western Cape,South Africa,8cm epoxy robomussel,High,1,Rocky,exposed,1/23/2016,3/30/2016,,,,,
BMRMZAWCBT1006,ZAWCBT,-34.075213,23.023874,Brenton,Western Cape,South Africa,8cm epoxy robomussel,High,1,Rocky,exposed,1/23/2016,3/30/2016,,,,,
BMRMZAWCBT1007,ZAWCBT,-34.075213,23.023874,Brenton,Western Cape,South Africa,8cm epoxy robomussel,High,1,Rocky,exposed,3/16/2016,6/8/2016,,,,,
BMRMZAWCBT1008,ZAWCBT,-34.075213,23.023874,Brenton,Western Cape,South Africa,8cm epoxy robomussel,High,1,Rocky,exposed,3/16/2016,6/8/2016,,,,,
BMRMZAWCBT1009,ZAWCBT,-34.075213,23.023874,Brenton,Western Cape,South Africa,8cm epoxy robomussel,Mid,0.6,Rocky,exposed,10/8/2015,1/26/2016,,,,,
BMRMZAWCBT1010,ZAWCBT,-34.075213,23.023874,Brenton,Western Cape,South Africa,8cm epoxy robomussel,Mid,0.6,Rocky,exposed,10/8/2015,1/26/2016,,,,,
BMRMZAWCBT1011,ZAWCBT,-34.075213,23.023874,Brenton,Western Cape,South Africa,8cm epoxy robomussel,Mid,0.6,Rocky,exposed,12/5/2015,1/16/2016,,,,,
BMRMZAWCBT1012,ZAWCBT,-34.075213,23.023874,Brenton,Western Cape,South Africa,8cm epoxy robomussel,Mid,0.6,Rocky,exposed,1/23/2016,3/30/2016,,,,,
BMRMZAWCBT1013,ZAWCBT,-34.075213,23.023874,Brenton,Western Cape,South Africa,8cm epoxy robomussel,Mid,0.6,Rocky,exposed,1/23/2016,3/30/2016,,,,,
BMRMZAWCBT1014,ZAWCBT,-34.075213,23.023874,Brenton,Western Cape,South Africa,8cm epoxy robomussel,Mid,0.6,Rocky,exposed,3/16/2016,6/8/2016,,,,,
BMRMZAWCBT1015,ZAWCBT,-34.075213,23.023874,Brenton,Western Cape,South Africa,8cm epoxy robomussel,Mid,0.6,Rocky,exposed,3/16/2016,6/8/2016,,,,,
BMRMZAWCBT110,ZAWCBT,-34.075213,23.023874,Brenton,Western Cape,South Africa,8cm epoxy robomussel,Mid,0.6,Rocky,exposed,9/23/2014,11/5/2014,,,,,
BMRMZAWCBT120,ZAWCBT,-34.075213,23.023874,Brenton,Western Cape,South Africa,8cm epoxy robomussel,Mid,0.6,Rocky,exposed,12/14/2014,1/26/2015,,,,,
BMRMZAWCBT130,ZAWCBT,-34.075213,23.023874,Brenton,Western Cape,South Africa,8cm epoxy robomussel,Mid,0.6,Rocky,exposed,12/14/2014,1/26/2015,,,,,
BMRMZAWCBT140,ZAWCBT,-34.075213,23.023874,Brenton,Western Cape,South Africa,8cm epoxy robomussel,Mid,0.6,Rocky,exposed,6/14/2014,7/13/2014,,,,,
BMRMZAWCBT150,ZAWCBT,-34.075213,23.023874,Brenton,Western Cape,South Africa,8cm epoxy robomussel,Mid,0.6,Rocky,exposed,6/14/2014,10/8/2014,,,,,
BMRMZAWCBT160,ZAWCBT,-34.075213,23.023874,Brenton,Western Cape,South Africa,8cm epoxy robomussel,Mid,0.6,Rocky,exposed,6/14/2014,11/5/2014,,,,,
BMRMZAWCBT170,ZAWCBT,-34.075213,23.023874,Brenton,Western Cape,South Africa,8cm epoxy robomussel,Mid,0.6,Rocky,exposed,6/14/2014,7/13/2014,,,,,
BMRMZAWCBT190,ZAWCBT,-34.075213,23.023874,Brenton,Western Cape,South Africa,8cm epoxy robomussel,Mid,0.6,Rocky,exposed,6/14/2014,7/13/2014,,,,,
BMRMZAWCBT20,ZAWCBT,-34.075213,23.023874,Brenton,Western Cape,South Africa,8cm epoxy robomussel,Mid,0.6,Rocky,exposed,6/14/2014,1/27/2015,,,,,
BMRMZAWCBT200,ZAWCBT,-34.075213,23.023874,Brenton,Western Cape,South Africa,8cm epoxy robomussel,Mid,0.6,Rocky,exposed,6/14/2014,10/8/2014,,,,,
BMRMZAWCBT210,ZAWCBT,-34.075213,23.023874,Brenton,Western Cape,South Africa,8cm epoxy robomussel,Mid,0.6,Rocky,exposed,6/14/2014,11/5/2014,,,,,
BMRMZAWCBT30,ZAWCBT,-34.075213,23.023874,Brenton,Western Cape,South Africa,8cm epoxy robomussel,Mid,0.6,Rocky,exposed,6/14/2014,11/5/2014,,,,,
BMRMZAWCBT40,ZAWCBT,-34.075213,23.023874,Brenton,Western Cape,South Africa,8cm epoxy robomussel,Mid,0.6,Rocky,exposed,6/14/2014,11/5/2014,,,,,
BMRMZAWCBT50,ZAWCBT,-34.075213,23.023874,Brenton,Western Cape,South Africa,8cm epoxy robomussel,Mid,0.6,Rocky,exposed,6/14/2014,7/13/2014,,,,,
BMRMZAWCBT60,ZAWCBT,-34.075213,23.023874,Brenton,Western Cape,South Africa,8cm epoxy robomussel,Mid,0.6,Rocky,exposed,6/14/2014,7/13/2014,,,,,
BMRMZAWCBT70,ZAWCBT,-34.075213,23.023874,Brenton,Western Cape,South Africa,8cm epoxy robomussel,Mid,0.6,Rocky,exposed,6/14/2014,8/10/2014,,,,,
BMRMZAWCBT80,ZAWCBT,-34.075213,23.023874,Brenton,Western Cape,South Africa,8cm epoxy robomussel,Mid,0.6,Rocky,exposed,6/14/2014,8/10/2014,,,,,
BMRMZAWCBT90,ZAWCBT,-34.075213,23.023874,Brenton,Western Cape,South Africa,8cm epoxy robomussel,Mid,0.6,Rocky,exposed,7/13/2014,8/10/2014,,,,,
BMRMZAWCDO100,ZAWCDO,-31.800370,18.229809,Doringbaai,Western Cape,South Africa,8cm epoxy robomussel,Mid,N/A,Rocky,exposed,6/17/2014,11/8/2014,,,,,
BMRMZAWCDO200,ZAWCDO,-31.800370,18.229809,Doringbaai,Western Cape,South Africa,8cm epoxy robomussel,Mid,N/A,Rocky,exposed,7/1/2014,8/13/2014,,,,,
BMRMZAWCDO300,ZAWCDO,-31.800370,18.229809,Doringbaai,Western Cape,South Africa,8cm epoxy robomussel,Mid,N/A,Rocky,exposed,8/29/2014,10/11/2014,,,,,
BMRMZAWCDO400,ZAWCDO,-31.800370,18.229809,Doringbaai,Western Cape,South Africa,8cm epoxy robomussel,Mid,N/A,Rocky,exposed,10/11/2014,11/8/2014,,,,,
BMRMZAWCDO500,ZAWCDO,-31.800370,18.229809,Doringbaai,Western Cape,South Africa,8cm epoxy robomussel,Mid,N/A,Rocky,exposed,6/17/2014,8/13/2014,,,,,
BMRMZAWCDO600,ZAWCDO,-31.800370,18.229809,Doringbaai,Western Cape,South Africa,8cm epoxy robomussel,Mid,N/A,Rocky,exposed,6/17/2014,11/8/2014,,,,,
BMRMZAWCDO700,ZAWCDO,-31.800370,18.229809,Doringbaai,Western Cape,South Africa,8cm epoxy robomussel,Mid,N/A,Rocky,exposed,7/18/2014,11/8/2014,,,,,
BMRMZAWCDO800,ZAWCDO,-31.800370,18.229809,Doringbaai,Western Cape,South Africa,8cm epoxy robomussel,Mid,N/A,Rocky,exposed,8/29/2014,10/11/2014,,,,,
BMRMZAWCDO900,ZAWCDO,-31.800370,18.229809,Doringbaai,Western Cape,South Africa,8cm epoxy robomussel,Mid,N/A,Rocky,exposed,12/6/2014,1/17/2015,,,,,
BMRMZAWCKB1001,ZAWCKB,-34.004968,23.455270,Keurboom,Western Cape,South Africa,8cm epoxy robomussel,High,1,Rocky,exposed,10/8/2015,1/27/2016,,,,,
BMRMZAWCKB1002,ZAWCKB,-34.004968,23.455270,Keurboom,Western Cape,South Africa,8cm epoxy robomussel,High,1,Rocky,exposed,10/8/2015,1/27/2016,,,,,
BMRMZAWCKB1003,ZAWCKB,-34.004968,23.455270,Keurboom,Western Cape,South Africa,8cm epoxy robomussel,High,1,Rocky,exposed,10/8/2015,1/27/2016,,,,,
BMRMZAWCKB1004,ZAWCKB,-34.004968,23.455270,Keurboom,Western Cape,South Africa,8cm epoxy robomussel,High,1,Rocky,exposed,12/5/2015,1/16/2016,,,,,
BMRMZAWCKB1005,ZAWCKB,-34.004968,23.455270,Keurboom,Western Cape,South Africa,8cm epoxy robomussel,High,1,Rocky,exposed,1/23/2016,3/30/2016,,,,,
BMRMZAWCKB1006,ZAWCKB,-34.004968,23.455270,Keurboom,Western Cape,South Africa,8cm epoxy robomussel,High,1,Rocky,exposed,1/23/2016,3/30/2016,,,,,
BMRMZAWCKB1007,ZAWCKB,-34.004968,23.455270,Keurboom,Western Cape,South Africa,8cm epoxy robomussel,High,1,Rocky,exposed,3/16/2016,6/8/2016,,,,,
BMRMZAWCKB1008,ZAWCKB,-34.004968,23.455270,Keurboom,Western Cape,South Africa,8cm epoxy robomussel,High,1,Rocky,exposed,3/16/2016,6/8/2016,,,,,
BMRMZAWCKB1009,ZAWCKB,-34.004968,23.455270,Keurboom,Western Cape,South Africa,8cm epoxy robomussel,Mid,0.6,Rocky,exposed,10/8/2015,1/27/2016,,,,,
BMRMZAWCKB1010,ZAWCKB,-34.004968,23.455270,Keurboom,Western Cape,South Africa,8cm epoxy robomussel,Mid,0.6,Rocky,exposed,1/23/2016,3/30/2016,,,,,
BMRMZAWCKB1011,ZAWCKB,-34.004968,23.455270,Keurboom,Western Cape,South Africa,8cm epoxy robomussel,Mid,0.6,Rocky,exposed,1/23/2016,3/30/2016,,,,,
BMRMZAWCKB1012,ZAWCKB,-34.004968,23.455270,Keurboom,Western Cape,South Africa,8cm epoxy robomussel,Mid,0.6,Rocky,exposed,3/16/2016,6/8/2016,,,,,
BMRMZAWCKB1013,ZAWCKB,-34.004968,23.455270,Keurboom,Western Cape,South Africa,8cm epoxy robomussel,Mid,0.6,Rocky,exposed,3/16/2016,6/8/2016,,,,,
BMRMZAWCPN100,ZAWCPN,-32.80194,17.89833,Paternoster,Western Cape,South Africa,8cm epoxy robomussel,Low,N/A,Rocky,moderately exposed,6/19/2007,8/4/2007,,,,,
BMRMZAWCPN101,ZAWCPN,-32.801940,17.898330,Paternoster,Western Cape,South Africa,8cm epoxy robomussel,Mid,N/A,Rocky,exposed,6/16/2014,8/12/2014,,,,,
BMRMZAWCPN200,ZAWCPN,-32.801940,17.898330,Paternoster,Western Cape,South Africa,8cm epoxy robomussel,Mid,N/A,Rocky,exposed,6/16/2014,11/7/2014,,,,,
BMRMZAWCPN201,ZAWCPN,-32.80194,17.89833,Paternoster,Western Cape,South Africa,8cm epoxy robomussel,Low,N/A,Rocky,moderately exposed,6/19/2007,8/4/2007,,,,,
BMRMZAWCPN300,ZAWCPN,-32.801940,17.898330,Paternoster,Western Cape,South Africa,8cm epoxy robomussel,Mid,N/A,Rocky,exposed,6/30/2014,8/12/2014,,,,,
BMRMZAWCPN400,ZAWCPN,-32.801940,17.898330,Paternoster,Western Cape,South Africa,8cm epoxy robomussel,Mid,N/A,Rocky,exposed,8/12/2014,11/7/2014,,,,,
BMRMZAWCPN500,ZAWCPN,-32.801940,17.898330,Paternoster,Western Cape,South Africa,8cm epoxy robomussel,Mid,N/A,Rocky,exposed,10/10/2014,1/18/2015,,,,,
BMRMZAWCPN600,ZAWCPN,-32.801940,17.898330,Paternoster,Western Cape,South Africa,8cm epoxy robomussel,Mid,N/A,Rocky,exposed,6/16/2014,8/12/2014,,,,,
BMRMZAWCPN700,ZAWCPN,-32.801940,17.898330,Paternoster,Western Cape,South Africa,8cm epoxy robomussel,Mid,N/A,Rocky,exposed,8/12/2014,10/10/2014,,,,,
BMRMZAWCPN800,ZAWCPN,-32.801940,17.898330,Paternoster,Western Cape,South Africa,8cm epoxy robomussel,Mid,N/A,Rocky,exposed,6/17/2014,8/13/2014,,,,,
BMRMZAWCPN900,ZAWCPN,-32.801940,17.898330,Paternoster,Western Cape,South Africa,8cm epoxy robomussel,Mid,N/A,Rocky,exposed,10/10/2014,11/7/2014,,,,,
BMRMZAWCPB1001,ZAWCPB,-34.061555,23.379823,Plettenberg,Western Cape,South Africa,8cm epoxy robomussel,High,1,Rocky,exposed,9/27/2015,11/3/2015,,,,,
BMRMZAWCPB1002,ZAWCPB,-34.061555,23.379823,Plettenberg,Western Cape,South Africa,8cm epoxy robomussel,High,1,Rocky,exposed,10/8/2015,1/27/2016,,,,,
BMRMZAWCPB1003,ZAWCPB,-34.061555,23.379823,Plettenberg,Western Cape,South Africa,8cm epoxy robomussel,High,1,Rocky,exposed,12/5/2015,1/16/2016,,,,,
BMRMZAWCPB1004,ZAWCPB,-34.061555,23.379823,Plettenberg,Western Cape,South Africa,8cm epoxy robomussel,High,1,Rocky,exposed,1/23/2016,3/30/2016,,,,,
BMRMZAWCPB1005,ZAWCPB,-34.061555,23.379823,Plettenberg,Western Cape,South Africa,8cm epoxy robomussel,High,1,Rocky,exposed,1/23/2016,3/30/2016,,,,,
BMRMZAWCPB1006,ZAWCPB,-34.061555,23.379823,Plettenberg,Western Cape,South Africa,8cm epoxy robomussel,High,1,Rocky,exposed,3/16/2016,6/8/2016,,,,,
BMRMZAWCPB1007,ZAWCPB,-34.061555,23.379823,Plettenberg,Western Cape,South Africa,8cm epoxy robomussel,High,1,Rocky,exposed,3/16/2016,6/8/2016,,,,,
BMRMZAWCPB1008,ZAWCPB,-34.061555,23.379823,Plettenberg,Western Cape,South Africa,8cm epoxy robomussel,Mid,0.6,Rocky,exposed,9/27/2015,11/3/2015,,,,,
BMRMZAWCPB1009,ZAWCPB,-34.061555,23.379823,Plettenberg,Western Cape,South Africa,8cm epoxy robomussel,Mid,0.6,Rocky,exposed,10/8/2015,1/27/2016,,,,,
BMRMZAWCPB1010,ZAWCPB,-34.061555,23.379823,Plettenberg,Western Cape,South Africa,8cm epoxy robomussel,Mid,0.6,Rocky,exposed,12/5/2015,1/16/2016,,,,,
BMRMZAWCPB1011,ZAWCPB,-34.061555,23.379823,Plettenberg,Western Cape,South Africa,8cm epoxy robomussel,Mid,0.6,Rocky,exposed,3/16/2016,6/8/2016,,,,,
BMRMZAWCPB1012,ZAWCPB,-34.061555,23.379823,Plettenberg,Western Cape,South Africa,8cm epoxy robomussel,Mid,0.6,Rocky,exposed,1/23/2016,3/30/2016,,,,,
BMRMZAWCPB1013,ZAWCPB,-34.061555,23.379823,Plettenberg,Western Cape,South Africa,8cm epoxy robomussel,Mid,0.6,Rocky,exposed,1/23/2016,3/30/2016,,,,,
BMRMZAWCPB1014,ZAWCPB,-34.061555,23.379823,Plettenberg,Western Cape,South Africa,8cm epoxy robomussel,Mid,0.6,Rocky,exposed,3/16/2016,6/8/2016,,,,,
BMRMZAWCPB1015,ZAWCPB,-34.061555,23.379823,Plettenberg,Western Cape,South Africa,8cm epoxy robomussel,Mid,0.6,Rocky,exposed,3/16/2016,6/8/2016,,,,,
BMRMZAWCRO100,ZAWCRO,-34.10222,23.38083,Robberg,Western Cape,South Africa,8cm epoxy robomussel,Low,N/A,Rocky,moderately exposed,6/6/2007,11/2/2007,,,,,
BMRMZAWCRO200,ZAWCRO,-34.10222,23.38083,Robberg,Western Cape,South Africa,8cm epoxy robomussel,Low,N/A,Rocky,moderately exposed,6/6/2007,11/2/2007,,,,,
BMRMZAWCRO300,ZAWCRO,-34.10222,23.38083,Robberg,Western Cape,South Africa,8cm epoxy robomussel,Low,N/A,Rocky,moderately exposed,6/6/2007,8/13/2007,,,,,
BMRMZAWCRO400,ZAWCRO,-34.10222,23.38083,Robberg,Western Cape,South Africa,8cm epoxy robomussel,Low,N/A,Rocky,moderately exposed,6/6/2007,11/2/2007,,,,,
BMRMZAWCRO500,ZAWCRO,-34.10222,23.38083,Robberg,Western Cape,South Africa,8cm epoxy robomussel,Low,N/A,Rocky,moderately exposed,6/6/2007,8/13/2007,,,,,
BMRMZAWCYZ100,ZAWCYZ,-33.34666,18.15305,Yzerfontein,Western Cape,South Africa,8cm epoxy robomussel,Low,N/A,Rocky,moderately exposed,6/19/2007,8/4/2007,,,,,
BMRMZAWCYZ200,ZAWCYZ,-33.34666,18.15305,Yzerfontein,Western Cape,South Africa,8cm epoxy robomussel,Low,N/A,Rocky,moderately exposed,8/4/2007,12/31/2007,,,,,
BMRMZAWCYZ300,ZAWCYZ,-33.34666,18.15305,Yzerfontein,Western Cape,South Africa,8cm epoxy robomussel,Low,N/A,Rocky,moderately exposed,6/19/2007,8/4/2007,,,,,
BMRMUSCAAG100,USCAAG,34.46716667,-120.2770333,Alegria,California,USA,8cm epoxy robomussel,Lower-Mid,0.4,Rocky,exposed,4/26/2003,10/25/2003,,,,,
BMRMUSCAAG1007,USCAAG,34.46716667,-120.2770333,Alegria,California,USA,8cm epoxy robomussel,Low,0.085,Rocky,exposed,2/1/2002,10/15/2003,,,,,
BMRMUSCAAG2,USCAAG,34.46716667,-120.2770333,Alegria,California,USA,8cm epoxy robomussel,Lower-Mid,0.4,Rocky,exposed,6/7/2011,10/26/2011,,,,,
BMRMUSCAAG30,USCAAG,34.46716667,-120.2770333,Alegria,California,USA,8cm epoxy robomussel,High,0.8,Rocky,exposed,11/23/2003,11/25/2015,,,,,
BMRMUSCAAG31,USCAAG,34.46716667,-120.2770333,Alegria,California,USA,8cm epoxy robomussel,Upper-Mid,0.76,Rocky,exposed,7/19/2004,4/28/2013,,,,,
BMRMUSCAAG318,USCAAG,34.46716667,-120.2770333,Alegria,California,USA,8cm epoxy robomussel,Mid,0.71,Rocky,exposed,8/3/2012,11/25/2015,,,,,
BMRMUSCAAG32,USCAAG,34.46716667,-120.2770333,Alegria,California,USA,8cm epoxy robomussel,Mid,0.71,Rocky,exposed,7/17/2000,11/25/2015,,,,,
BMRMUSCAAG320,USCAAG,34.46716667,-120.2770333,Alegria,California,USA,8cm epoxy robomussel,High,0.8,Rocky,exposed,8/4/2012,3/21/2014,,,,,
BMRMUSCAAG322,USCAAG,34.46716667,-120.2770333,Alegria,California,USA,8cm epoxy robomussel,Upper-Mid,0.76,Rocky,exposed,11/8/2010,11/25/2015,,,,,
BMRMUSCAAG323,USCAAG,34.46716667,-120.2770333,Alegria,California,USA,8cm epoxy robomussel,Mid,0.71,Rocky,exposed,8/3/2012,11/25/2015,,,,,
BMRMUSCAAG33,USCAAG,34.46716667,-120.2770333,Alegria,California,USA,8cm epoxy robomussel,Lower-Mid,0.4,Rocky,exposed,2/1/2002,10/19/2009,,,,,
BMRMUSCAAG34,USCAAG,34.46716667,-120.2770333,Alegria,California,USA,8cm epoxy robomussel,Low,0.085,Rocky,exposed,2/1/2002,3/26/2010,,,,,
BMRMUSCAAG35,USCAAG,34.46716667,-120.2770333,Alegria,California,USA,8cm epoxy robomussel,Mid,0.71,Rocky,exposed,7/17/2000,11/25/2015,,,,,
BMRMUSCAAG36,USCAAG,34.46716667,-120.2770333,Alegria,California,USA,8cm epoxy robomussel,Mid,0.71,Rocky,exposed,1/11/2001,3/31/2009,,,,,
BMRMUSCAAG38,USCAAG,34.46716667,-120.2770333,Alegria,California,USA,8cm epoxy robomussel,High,0.8,Rocky,exposed,10/25/2003,11/19/2003,,,,,
BMRMUSCAAG39,USCAAG,34.46716667,-120.2770333,Alegria,California,USA,8cm epoxy robomussel,Upper-Mid,0.76,Rocky,exposed,10/25/2003,11/19/2003,,,,,
BMRMUSCAAG40,USCAAG,34.46716667,-120.2770333,Alegria,California,USA,8cm epoxy robomussel,Mid,0.71,Rocky,exposed,10/25/2003,11/19/2003,,,,,
BMRMUSCAAG41,USCAAG,34.46716667,-120.2770333,Alegria,California,USA,8cm epoxy robomussel,Mid,0.71,Rocky,exposed,10/25/2003,11/19/2003,,,,,
BMRMUSCAAG42,USCAAG,34.46716667,-120.2770333,Alegria,California,USA,8cm epoxy robomussel,High,0.8,Rocky,exposed,1/11/2001,7/22/2001,,,,,
BMRMUSCAAG43,USCAAG,34.46716667,-120.2770333,Alegria,California,USA,8cm epoxy robomussel,High,0.8,Rocky,exposed,1/11/2001,7/22/2001,,,,,
BMRMUSCAAG44,USCAAG,34.46716667,-120.2770333,Alegria,California,USA,8cm epoxy robomussel,Mid,0.71,Rocky,exposed,2/1/2002,9/15/2002,,,,,
BMRMUSCAAGOMEGAS2,USCAAG,34.46716667,-120.2770333,Alegria,California,USA,8cm epoxy robomussel,Mid,0.71,Rocky,exposed,4/11/2012,12/1/2013,,,,,
BMRMUSCAAGOMEGAS4,USCAAG,34.46716667,-120.2770333,Alegria,California,USA,8cm epoxy robomussel,Mid,0.71,Rocky,exposed,4/10/2012,11/28/2013,,,,,
BMRMUSCACI100,USCACI,33.45139,-118.48611,Bird Rock,California,USA,8cm epoxy robomussel,Mid,N/A,Rocky,intermediate,5/4/2008,8/2/2008,,,,,
BMRMUSCACI101,USCACI,33.45139,-118.48611,Bird Rock,California,USA,8cm epoxy robomussel,Mid,N/A,Rocky,exposed,5/4/2008,8/2/2008,,,,,
BMRMUSCACI413,USCACI,33.45139,-118.48611,Bird Rock,California,USA,8cm epoxy robomussel,Mid,N/A,Rocky,exposed,5/4/2008,8/2/2008,,,,,
BMRMUSCACI450,USCACI,33.45139,-118.48611,Bird Rock,California,USA,8cm epoxy robomussel,Mid,N/A,Rocky,intermediate,5/4/2008,8/2/2008,,,,,
BMRMUSCACI560,USCACI,33.45139,-118.48611,Bird Rock,California,USA,8cm epoxy robomussel,Mid,N/A,Rocky,intermediate,5/4/2008,8/2/2008,,,,,
BMRMUSCACI566,USCACI,33.45139,-118.48611,Bird Rock,California,USA,8cm epoxy robomussel,Mid,N/A,Rocky,exposed,5/4/2008,8/2/2008,,,,,
BMRMUSCACI603,USCACI,33.45139,-118.48611,Bird Rock,California,USA,8cm epoxy robomussel,Mid,N/A,Rocky,intermediate,5/4/2008,8/2/2008,,,,,
BMRMUSCACI604,USCACI,33.45139,-118.48611,Bird Rock,California,USA,8cm epoxy robomussel,Mid,N/A,Rocky,protected,5/4/2008,8/2/2008,,,,,
BMRMUSCACI671,USCACI,33.45139,-118.48611,Bird Rock,California,USA,8cm epoxy robomussel,Mid,N/A,Rocky,intermediate,5/4/2008,8/2/2008,,,,,
BMRMUSCACI702,USCACI,33.45139,-118.48611,Bird Rock,California,USA,8cm epoxy robomussel,Mid,N/A,Rocky,intermediate,5/4/2008,8/2/2008,,,,,
BMRMUSCACI704,USCACI,33.45139,-118.48611,Bird Rock,California,USA,8cm epoxy robomussel,Mid,N/A,Rocky,exposed,5/4/2008,8/2/2008,,,,,
BMRMUSCACI706,USCACI,33.45139,-118.48611,Bird Rock,California,USA,8cm epoxy robomussel,Mid,N/A,Rocky,exposed,5/4/2008,8/2/2008,,,,,
BMRMUSCACI707,USCACI,33.45139,-118.48611,Bird Rock,California,USA,8cm epoxy robomussel,Mid,N/A,Rocky,intermediate,5/4/2008,8/2/2008,,,,,
BMRMUSCACI976,USCACI,33.45139,-118.48611,Bird Rock,California,USA,8cm epoxy robomussel,Mid,N/A,Rocky,protected,5/4/2008,8/2/2008,,,,,
BMRMUSCABH1,USCABH,34.7188,-120.6088,Boat House,California,USA,8cm epoxy robomussel,Mid,0.66,Rocky,N/A,1/12/2001,8/15/2001,,,,,
BMRMUSCABH2,USCABH,34.7188,-120.6088,Boat House,California,USA,8cm epoxy robomussel,Mid,0.66,Rocky,protected,3/2/2002,6/15/2003,,,,,
BMRMUSCABH3,USCABH,34.7188,-120.6088,Boat House,California,USA,8cm epoxy robomussel,Mid,0.66,Rocky,protected,3/2/2002,10/13/2002,,,,,
BMRMUSCABH4,USCABH,34.7188,-120.6088,Boat House,California,USA,8cm epoxy robomussel,Mid,0.66,Rocky,protected,3/2/2002,6/15/2003,,,,,
BMRMUSCABH6,USCABH,34.7188,-120.6088,Boat House,California,USA,8cm epoxy robomussel,Mid,0.66,Rocky,exposed,2/1/2002,7/3/2002,,,,,
BMRMUSCABH7,USCABH,34.7188,-120.6088,Boat House,California,USA,8cm epoxy robomussel,Mid,0.66,Rocky,exposed,2/1/2002,9/15/2002,,,,,
BMRMUSCABD1000,USCABD,38.3185,-123.07395,Bodega Reserve,California,USA,8cm epoxy robomussel,Mid,1.2,Rocky,exposed,6/9/2001,1/20/2002,,,,,
BMRMUSCABD1001,USCABD,38.3185,-123.07395,Bodega Reserve,California,USA,8cm epoxy robomussel,Mid,1.2,Rocky,exposed,6/9/2001,1/20/2002,,,,,
BMRMUSCABD1003,USCABD,38.3185,-123.07395,Bodega Reserve,California,USA,8cm epoxy robomussel,Mid,1.2,Rocky,protected,6/9/2001,1/20/2002,,,,,
BMRMUSCABD1004,USCABD,38.3185,-123.07395,Bodega Reserve,California,USA,8cm epoxy robomussel,Mid,1.2,Rocky,protected,6/9/2001,1/20/2002,,,,,
BMRMUSCABD178,USCABD,38.3185,-123.07395,Bodega Reserve,California,USA,8cm epoxy robomussel,Mid,1.2,Rocky,exposed,3/12/2004,9/9/2014,,,,,
BMRMUSCABD179,USCABD,38.3185,-123.07395,Bodega Reserve,California,USA,8cm epoxy robomussel,Mid,1.2,Rocky,exposed,3/12/2004,9/9/2014,,,,,
BMRMUSCABD180,USCABD,38.3185,-123.07395,Bodega Reserve,California,USA,8cm epoxy robomussel,Low,0.69,Rocky,exposed,5/12/2004,9/22/2013,,,,,
BMRMUSCABD181,USCABD,38.3185,-123.07395,Bodega Reserve,California,USA,8cm epoxy robomussel,Lower-Mid,0.96,Rocky,exposed,9/1/2003,10/28/2014,,,,,
BMRMUSCABD182,USCABD,38.3185,-123.07395,Bodega Reserve,California,USA,8cm epoxy robomussel,Mid,1.2,Rocky,exposed,3/12/2004,9/9/2014,,,,,
BMRMUSCABD183,USCABD,38.3185,-123.07395,Bodega Reserve,California,USA,8cm epoxy robomussel,Upper-Mid,1.38,Rocky,exposed,9/1/2003,9/9/2014,,,,,
BMRMUSCABD184,USCABD,38.3185,-123.07395,Bodega Reserve,California,USA,8cm epoxy robomussel,High,1.56,Rocky,exposed,3/12/2004,10/7/2013,,,,,
BMRMUSCABD3,USCABD,38.3185,-123.07395,Bodega Reserve,California,USA,8cm epoxy robomussel,Mid,1.2,Rocky,exposed,4/13/2012,12/12/2013,,,,,
BMRMUSCABD4,USCABD,38.3185,-123.07395,Bodega Reserve,California,USA,8cm epoxy robomussel,Mid,1.2,Rocky,exposed,4/12/2012,12/12/2013,,,,,
BMRMUSCACA20,USCACA,35.54,-121.0929167,Cambria,California,USA,8cm epoxy robomussel,Mid,0.73,Rocky,exposed,1/11/2001,8/15/2001,,,,,
BMRMUSCACA21,USCACA,35.54,-121.0929167,Cambria,California,USA,8cm epoxy robomussel,Mid,0.73,Rocky,exposed,3/1/2002,6/15/2003,,,,,
BMRMUSCACA22,USCACA,35.54,-121.0929167,Cambria,California,USA,8cm epoxy robomussel,Mid,0.73,Rocky,exposed,3/1/2002,6/15/2003,,,,,
BMRMUSCACA23,USCACA,35.54,-121.0929167,Cambria,California,USA,8cm epoxy robomussel,Mid,0.73,Rocky,exposed,3/1/2002,6/15/2003,,,,,
BMRMUSCACA328,USCACA,35.54,-121.0929167,Cambria,California,USA,8cm epoxy robomussel,Mid,0.73,Rocky,exposed,10/15/2012,8/10/2013,,,,,
BMRMUSCACA329,USCACA,35.54,-121.0929167,Cambria,California,USA,8cm epoxy robomussel,Mid,0.73,Rocky,exposed,11/17/2010,9/1/2011,,,,,
BMRMUSCACA330,USCACA,35.54,-121.0929167,Cambria,California,USA,8cm epoxy robomussel,Lower-Mid,N/A,Rocky,exposed,10/14/2012,5/25/2013,,,,,
BMRMUSCACA332,USCACA,35.54,-121.0929167,Cambria,California,USA,8cm epoxy robomussel,Mid,0.73,Rocky,exposed,11/8/2010,9/22/2012,,,,,
BMRMUSCACA333,USCACA,35.54,-121.0929167,Cambria,California,USA,8cm epoxy robomussel,Mid,0.73,Rocky,exposed,11/17/2010,8/10/2013,,,,,
BMRMUSCACM1,USCACM,40.34798333,-124.3650167,Cape Mendocino,California,USA,8cm epoxy robomussel,Low,0.51,Rocky,exposed,3/14/2007,3/9/2009,,,,,
BMRMUSCACM2,USCACM,40.34798333,-124.3650167,Cape Mendocino,California,USA,8cm epoxy robomussel,Mid,1.16,Rocky,exposed,3/14/2007,8/6/2009,,,,,
BMRMUSCACM3,USCACM,40.34798333,-124.3650167,Cape Mendocino,California,USA,8cm epoxy robomussel,High,1.31,Rocky,exposed,3/14/2007,8/6/2009,,,,,
BMRMUSCACM81,USCACM,40.34798333,-124.3650167,Cape Mendocino,California,USA,8cm epoxy robomussel,Low,0.51,Rocky,exposed,8/14/2006,3/13/2007,,,,,
BMRMUSCACM84,USCACM,40.34798333,-124.3650167,Cape Mendocino,California,USA,8cm epoxy robomussel,Mid,1.16,Rocky,exposed,2/29/2004,3/31/2005,,,,,
BMRMUSCACM85,USCACM,40.34798333,-124.3650167,Cape Mendocino,California,USA,8cm epoxy robomussel,Mid,1.16,Rocky,exposed,3/7/2004,4/9/2005,,,,,
BMRMUSCACM87,USCACM,40.34798333,-124.3650167,Cape Mendocino,California,USA,8cm epoxy robomussel,High,1.31,Rocky,exposed,2/29/2004,3/13/2007,,,,,
BMRMUSCACP341,USCACP,34.40673,-119.87829,Coal Oil Point,California,USA,8cm epoxy robomussel,Upper-Mid,0.85,Rocky,exposed,10/18/2012,10/28/2014,,,,,
BMRMUSCACP342,USCACP,34.40673,-119.87829,Coal Oil Point,California,USA,8cm epoxy robomussel,High,0.93,Rocky,exposed,11/9/2010,11/25/2015,,,,,
BMRMUSCACP343,USCACP,34.40673,-119.87829,Coal Oil Point,California,USA,8cm epoxy robomussel,Mid,0.7,Rocky,exposed,5/22/2013,10/28/2014,,,,,
BMRMUSCACP344,USCACP,34.40673,-119.87829,Coal Oil Point,California,USA,8cm epoxy robomussel,Mid,0.7,Rocky,exposed,11/8/2010,11/25/2015,,,,,
BMRMUSCACP345,USCACP,34.40673,-119.87829,Coal Oil Point,California,USA,8cm epoxy robomussel,Mid,0.7,Rocky,exposed,11/9/2010,11/25/2015,,,,,
BMRMUSCACP346,USCACP,34.40673,-119.87829,Coal Oil Point,California,USA,8cm epoxy robomussel,Lower-Mid,0.5,Rocky,exposed,11/9/2010,10/28/2014,,,,,
BMRMUSCACP347,USCACP,34.40673,-119.87829,Coal Oil Point,California,USA,8cm epoxy robomussel,Low,0.25,Rocky,exposed,11/9/2010,2/10/2016,,,,,
BMRMUSCACP348,USCACP,34.40673,-119.87829,Coal Oil Point,California,USA,8cm epoxy robomussel,Low,0.25,Rocky,exposed,11/9/2010,10/28/2014,,,,,
BMRMUSCACP57,USCACP,34.40673,-119.87829,Coal Oil Point,California,USA,8cm epoxy robomussel,High,0.93,Rocky,exposed,9/23/2003,4/29/2006,,,,,
BMRMUSCACP58,USCACP,34.40673,-119.87829,Coal Oil Point,California,USA,8cm epoxy robomussel,Upper-Mid,0.85,Rocky,exposed,10/9/2003,6/13/2010,,,,,
BMRMUSCACP59,USCACP,34.40673,-119.87829,Coal Oil Point,California,USA,8cm epoxy robomussel,Mid,0.7,Rocky,exposed,9/23/2003,6/13/2010,,,,,
BMRMUSCACP60,USCACP,34.40673,-119.87829,Coal Oil Point,California,USA,8cm epoxy robomussel,Lower-Mid,0.5,Rocky,exposed,10/2/2003,6/13/2010,,,,,
BMRMUSCACP61,USCACP,34.40673,-119.87829,Coal Oil Point,California,USA,8cm epoxy robomussel,Low,0.25,Rocky,exposed,9/23/2003,11/1/2009,,,,,
BMRMUSCACP62,USCACP,34.40673,-119.87829,Coal Oil Point,California,USA,8cm epoxy robomussel,Mid,0.7,Rocky,exposed,6/22/2004,6/13/2010,,,,,
BMRMUSCACP63,USCACP,34.40673,-119.87829,Coal Oil Point,California,USA,8cm epoxy robomussel,Mid,0.7,Rocky,exposed,6/9/2004,4/20/2010,,,,,
BMRMUSCACP90,USCACP,34.40673,-119.87829,Coal Oil Point,California,USA,8cm epoxy robomussel,Mid,0.7,Rocky,exposed,1/14/2001,3/24/2003,,,,,
BMRMUSCACP91,USCACP,34.40673,-119.87829,Coal Oil Point,California,USA,8cm epoxy robomussel,Mid,0.7,Rocky,exposed,8/7/2000,3/24/2003,,,,,
BMRMUSCACP92,USCACP,34.40673,-119.87829,Coal Oil Point,California,USA,8cm epoxy robomussel,Mid,0.7,Rocky,exposed,8/7/2000,3/24/2003,,,,,
BMRMUSCACP93,USCACP,34.40673,-119.87829,Coal Oil Point,California,USA,8cm epoxy robomussel,High,0.93,Rocky,exposed,8/7/2000,7/19/2001,,,,,
BMRMUSCACP94,USCACP,34.40673,-119.87829,Coal Oil Point,California,USA,8cm epoxy robomussel,High,0.93,Rocky,exposed,8/7/2000,1/12/2001,,,,,
BMRMUSCAFR155,USCAFR,34.06271667,-119.9192167,Fraser,California,USA,8cm epoxy robomussel,Lower-Mid,0.49,Rocky,exposed,12/13/2004,11/19/2010,,,,,
BMRMUSCAFR156,USCAFR,34.06271667,-119.9192167,Fraser,California,USA,8cm epoxy robomussel,Mid,0.65,Rocky,exposed,5/30/2005,11/19/2010,,,,,
BMRMUSCAFR157,USCAFR,34.06271667,-119.9192167,Fraser,California,USA,8cm epoxy robomussel,Upper-Mid,0.78,Rocky,exposed,5/30/2005,11/2/2009,,,,,
BMRMUSCAFR158,USCAFR,34.06271667,-119.9192167,Fraser,California,USA,8cm epoxy robomussel,High,0.92,Rocky,exposed,12/13/2004,11/19/2010,,,,,
BMRMUSCAFR364,USCAFR,34.06271667,-119.9192167,Fraser,California,USA,8cm epoxy robomussel,Mid,0.65,Rocky,exposed,11/20/2010,2/18/2015,,,,,
BMRMUSCAFR365,USCAFR,34.06271667,-119.9192167,Fraser,California,USA,8cm epoxy robomussel,Mid,0.65,Rocky,exposed,11/20/2010,2/18/2015,,,,,
BMRMUSCAFR366,USCAFR,34.06271667,-119.9192167,Fraser,California,USA,8cm epoxy robomussel,Mid,0.65,Rocky,exposed,11/4/2013,2/19/2015,,,,,
BMRMUSCAFR367,USCAFR,34.06271667,-119.9192167,Fraser,California,USA,8cm epoxy robomussel,Mid,0.65,Rocky,exposed,11/14/2012,5/1/2014,,,,,
BMRMUSCAFR368,USCAFR,34.06271667,-119.9192167,Fraser,California,USA,8cm epoxy robomussel,High,0.92,Rocky,exposed,11/14/2012,5/1/2014,,,,,
BMRMUSCAFR369,USCAFR,34.06271667,-119.9192167,Fraser,California,USA,8cm epoxy robomussel,Low,N/A,Rocky,exposed,11/4/2013,4/30/2014,,,,,
BMRMUSCAHS1000,USCAHS,36.62193333,-121.9053167,Hopkins,California,USA,8cm epoxy robomussel,Mid,1.12,Rocky,exposed,6/11/2001,10/31/2001,,,,,
BMRMUSCAHS1003,USCAHS,36.62193333,-121.9053167,Hopkins,California,USA,8cm epoxy robomussel,Mid,1.12,Rocky,exposed,7/1/2000,8/25/2000,,,,,
BMRMUSCAHS111,USCAHS,36.62193333,-121.9053167,Hopkins,California,USA,8cm epoxy robomussel,Mid,1.12,Rocky,exposed,5/7/2000,11/26/2014,,,,,
BMRMUSCAHS120,USCAHS,36.62193333,-121.9053167,Hopkins,California,USA,8cm epoxy robomussel,Mid,1.12,Rocky,exposed,6/6/2000,11/26/2014,,,,,
BMRMUSCAHS122,USCAHS,36.62193333,-121.9053167,Hopkins,California,USA,8cm epoxy robomussel,High,1.28,Rocky,exposed,3/20/2001,11/26/2014,,,,,
BMRMUSCAHS123,USCAHS,36.62193333,-121.9053167,Hopkins,California,USA,8cm epoxy robomussel,Mid,1.12,Rocky,exposed,6/30/2000,11/26/2014,,,,,
BMRMUSCAHS124,USCAHS,36.62193333,-121.9053167,Hopkins,California,USA,8cm epoxy robomussel,Mid,1.12,Rocky,exposed,3/20/2001,11/26/2014,,,,,
BMRMUSCAHS125,USCAHS,36.62193333,-121.9053167,Hopkins,California,USA,8cm epoxy robomussel,Mid,1.12,Rocky,protected,12/20/2000,11/26/2014,,,,,
BMRMUSCAHS126,USCAHS,36.62193333,-121.9053167,Hopkins,California,USA,8cm epoxy robomussel,Mid,1.12,Rocky,exposed,6/6/2000,12/6/2009,,,,,
BMRMUSCAHS127,USCAHS,36.62193333,-121.9053167,Hopkins,California,USA,8cm epoxy robomussel,Upper-Mid,1.25,Rocky,exposed,6/7/2004,11/26/2014,,,,,
BMRMUSCAHS128,USCAHS,36.62193333,-121.9053167,Hopkins,California,USA,8cm epoxy robomussel,Lower-Mid,1.06,Rocky,exposed,6/7/2004,11/26/2014,,,,,
BMRMUSCAHS175,USCAHS,36.62193333,-121.9053167,Hopkins,California,USA,8cm epoxy robomussel,Mid,1.12,Rocky,protected,5/22/2002,11/26/2014,,,,,
BMRMUSCAHS177,USCAHS,36.62193333,-121.9053167,Hopkins,California,USA,8cm epoxy robomussel,Low,0.53,Rocky,exposed,6/7/2004,11/25/2014,,,,,
BMRMUSCAHS86,USCAHS,36.62193333,-121.9053167,Hopkins,California,USA,8cm epoxy robomussel,Mid,1.12,Rocky,exposed,6/6/2000,10/31/2001,,,,,
BMRMUSCAHS88,USCAHS,36.62193333,-121.9053167,Hopkins,California,USA,8cm epoxy robomussel,Mid,1.12,Rocky,exposed,7/7/2000,10/31/2001,,,,,
BMRMUSCAHS90,USCAHS,36.62193333,-121.9053167,Hopkins,California,USA,8cm epoxy robomussel,Mid,1.12,Rocky,exposed,3/20/2001,10/31/2001,,,,,
BMRMUSCAHS91,USCAHS,36.62193333,-121.9053167,Hopkins,California,USA,8cm epoxy robomussel,High,1.28,Rocky,exposed,6/10/2001,10/31/2001,,,,,
BMRMUSCAHS92,USCAHS,36.62193333,-121.9053167,Hopkins,California,USA,8cm epoxy robomussel,High,1.28,Rocky,exposed,7/1/2000,10/31/2001,,,,,
BMRMUSCAHS94,USCAHS,36.62193333,-121.9053167,Hopkins,California,USA,8cm epoxy robomussel,High,1.28,Rocky,exposed,7/1/2000,10/26/2000,,,,,
BMRMUSCAHS95,USCAHS,36.62193333,-121.9053167,Hopkins,California,USA,8cm epoxy robomussel,High,1.28,Rocky,exposed,7/1/2000,10/26/2000,,,,,
BMRMUSCAHS96,USCAHS,36.62193333,-121.9053167,Hopkins,California,USA,8cm epoxy robomussel,High,1.28,Rocky,exposed,7/1/2000,10/26/2000,,,,,
BMRMUSCAHS97,USCAHS,36.62193333,-121.9053167,Hopkins,California,USA,8cm epoxy robomussel,High,1.28,Rocky,exposed,7/1/2000,12/20/2000,,,,,
BMRMUSCAHSGP1,USCAHS,36.62193333,-121.9053167,Hopkins,California,USA,8cm epoxy robomussel,Lower-Mid,1.06,Rocky,exposed,4/10/2012,10/8/2013,,,,,
BMRMUSCAHSGP4,USCAHS,36.62193333,-121.9053167,Hopkins,California,USA,8cm epoxy robomussel,Lower-Mid,1.06,Rocky,exposed,4/14/2012,10/8/2013,,,,,
BMRMUSCAJA337,USCAJA,34.49515,-120.4969,Jalama,California,USA,8cm epoxy robomussel,Upper-Mid,0.93,Rocky,exposed,11/8/2010,9/1/2011,,,,,
BMRMUSCAJA338,USCAJA,34.49515,-120.4969,Jalama,California,USA,8cm epoxy robomussel,Mid,0.78,Rocky,exposed,11/24/2011,7/1/2012,,,,,
BMRMUSCAJA339,USCAJA,34.49515,-120.4969,Jalama,California,USA,8cm epoxy robomussel,Lower-Mid,0.75,Rocky,exposed,11/8/2010,7/1/2012,,,,,
BMRMUSCAJA340,USCAJA,34.49515,-120.4969,Jalama,California,USA,8cm epoxy robomussel,Low,0.53,Rocky,exposed,11/8/2010,9/1/2011,,,,,
BMRMUSCAJA38,USCAJA,34.49515,-120.4969,Jalama,California,USA,8cm epoxy robomussel,Mid,0.78,Rocky,exposed,11/6/2002,7/28/2005,,,,,
BMRMUSCAJA39,USCAJA,34.49515,-120.4969,Jalama,California,USA,8cm epoxy robomussel,High,1.06,Rocky,exposed,11/24/2003,4/18/2012,,,,,
BMRMUSCAJA40,USCAJA,34.49515,-120.4969,Jalama,California,USA,8cm epoxy robomussel,Upper-Mid,0.93,Rocky,exposed,11/24/2003,7/28/2005,,,,,
BMRMUSCAJA41,USCAJA,34.49515,-120.4969,Jalama,California,USA,8cm epoxy robomussel,Mid,0.78,Rocky,exposed,7/28/2002,6/13/2005,,,,,
BMRMUSCAJA42,USCAJA,34.49515,-120.4969,Jalama,California,USA,8cm epoxy robomussel,Lower-Mid,0.75,Rocky,exposed,11/25/2003,7/28/2005,,,,,
BMRMUSCAJA43,USCAJA,34.49515,-120.4969,Jalama,California,USA,8cm epoxy robomussel,Low,0.53,Rocky,exposed,7/17/2004,12/14/2004,,,,,
BMRMUSCAJA44,USCAJA,34.49515,-120.4969,Jalama,California,USA,8cm epoxy robomussel,Low,0.53,Rocky,exposed,7/28/2002,7/28/2005,,,,,
BMRMUSCAJA45,USCAJA,34.49515,-120.4969,Jalama,California,USA,8cm epoxy robomussel,Mid,0.78,Rocky,exposed,7/28/2002,4/23/2003,,,,,
BMRMUSCAJA46,USCAJA,34.49515,-120.4969,Jalama,California,USA,8cm epoxy robomussel,Mid,0.78,Rocky,exposed,11/6/2002,10/28/2003,,,,,
BMRMUSCAJA80,USCAJA,34.49515,-120.4969,Jalama,California,USA,8cm epoxy robomussel,High,1.06,Rocky,exposed,7/14/2000,7/18/2001,,,,,
BMRMUSCAJA81,USCAJA,34.49515,-120.4969,Jalama,California,USA,8cm epoxy robomussel,High,1.06,Rocky,exposed,7/14/2000,4/28/2001,,,,,
BMRMUSCAJA82,USCAJA,34.49515,-120.4969,Jalama,California,USA,8cm epoxy robomussel,Mid,0.78,Rocky,exposed,7/14/2000,8/16/2002,,,,,
BMRMUSCAJA84,USCAJA,34.49515,-120.4969,Jalama,California,USA,8cm epoxy robomussel,Mid,0.78,Rocky,exposed,1/13/2001,7/19/2002,,,,,
BMRMUSCAJA85,USCAJA,34.49515,-120.4969,Jalama,California,USA,8cm epoxy robomussel,Mid,0.78,Rocky,exposed,2/1/2002,6/27/2002,,,,,
BMRMUSCALL100,USCALL,34.71911,-120.60889,Lompoc Landing,California,USA,8cm epoxy robomussel,Mid,0.8,Rocky,exposed,10/26/2011,4/11/2012,,,,,
BMRMUSCALL46,USCALL,34.71911,-120.60889,Lompoc Landing,California,USA,8cm epoxy robomussel,High,0.98,Rocky,exposed,4/23/2003,3/25/2010,,,,,
BMRMUSCALL48,USCALL,34.71911,-120.60889,Lompoc Landing,California,USA,8cm epoxy robomussel,Upper-Mid,0.91,Rocky,exposed,7/21/2004,6/13/2010,,,,,
BMRMUSCALL49,USCALL,34.71911,-120.60889,Lompoc Landing,California,USA,8cm epoxy robomussel,Mid,0.8,Rocky,exposed,2/1/2002,1/20/2015,,,,,
BMRMUSCALL50,USCALL,34.71911,-120.60889,Lompoc Landing,California,USA,8cm epoxy robomussel,Lower-Mid,0.66,Rocky,exposed,4/25/2003,11/25/2015,,,,,
BMRMUSCALL51,USCALL,34.71911,-120.60889,Lompoc Landing,California,USA,8cm epoxy robomussel,Low,0.35,Rocky,exposed,4/25/2003,11/25/2015,,,,,
BMRMUSCALL52,USCALL,34.71911,-120.60889,Lompoc Landing,California,USA,8cm epoxy robomussel,Mid,0.8,Rocky,exposed,2/1/2002,11/25/2015,,,,,
BMRMUSCALL54,USCALL,34.71911,-120.60889,Lompoc Landing,California,USA,8cm epoxy robomussel,High,0.98,Rocky,exposed,11/26/2003,11/25/2015,,,,,
BMRMUSCALL56,USCALL,34.71911,-120.60889,Lompoc Landing,California,USA,8cm epoxy robomussel,Mid,0.8,Rocky,exposed,1/11/2001,11/7/2001,,,,,
BMRMUSCALL57,USCALL,34.71911,-120.60889,Lompoc Landing,California,USA,8cm epoxy robomussel,Mid,0.8,Rocky,exposed,1/11/2001,5/24/2002,,,,,
BMRMUSCALL58,USCALL,34.71911,-120.60889,Lompoc Landing,California,USA,8cm epoxy robomussel,Mid,0.8,Rocky,exposed,1/11/2001,8/17/2002,,,,,
BMRMUSCALL59,USCALL,34.71911,-120.60889,Lompoc Landing,California,USA,8cm epoxy robomussel,High,0.98,Rocky,exposed,1/11/2001,7/21/2001,,,,,
BMRMUSCALL60,USCALL,34.71911,-120.60889,Lompoc Landing,California,USA,8cm epoxy robomussel,High,0.98,Rocky,exposed,1/11/2001,7/21/2001,,,,,
BMRMUSCALL61,USCALL,34.71911,-120.60889,Lompoc Landing,California,USA,8cm epoxy robomussel,Low,0.35,Rocky,exposed,2/1/2002,8/17/2002,,,,,
BMRMUSCALL62,USCALL,34.71911,-120.60889,Lompoc Landing,California,USA,8cm epoxy robomussel,Low,0.35,Rocky,exposed,2/1/2002,4/8/2002,,,,,
BMRMUSCALL63,USCALL,34.71911,-120.60889,Lompoc Landing,California,USA,8cm epoxy robomussel,Low,0.35,Rocky,exposed,4/12/2008,3/20/2014,,,,,
BMRMUSCALL64,USCALL,34.71911,-120.60889,Lompoc Landing,California,USA,8cm epoxy robomussel,Low,0.35,Rocky,exposed,4/12/2008,8/3/2012,,,,,
BMRMUSCALLGP1,USCALL,34.71911,-120.60889,Lompoc Landing,California,USA,8cm epoxy robomussel,Mid,0.8,Rocky,exposed,4/11/2012,12/18/2013,,,,,
BMRMUSCALLGP5,USCALL,34.71911,-120.60889,Lompoc Landing,California,USA,8cm epoxy robomussel,Mid,0.8,Rocky,exposed,4/11/2012,12/18/2013,,,,,
BMRMUSCALS1010,USCALS,34.71431667,-120.6075,Lompoc South,California,USA,8cm epoxy robomussel,Mid,0.66,Rocky,exposed,6/11/2004,7/19/2004,,,,,
BMRMUSCALS1011,USCALS,34.71431667,-120.6075,Lompoc South,California,USA,8cm epoxy robomussel,Low,0.21,Rocky,exposed,8/25/2002,7/20/2004,,,,,
BMRMUSCALS55,USCALS,34.71431667,-120.6075,Lompoc South,California,USA,8cm epoxy robomussel,Mid,0.66,Rocky,exposed,8/25/2002,8/3/2012,,,,,
BMRMUSCALS56,USCALS,34.71431667,-120.6075,Lompoc South,California,USA,8cm epoxy robomussel,Mid,0.66,Rocky,exposed,8/25/2002,8/3/2012,,,,,
BMRMUSCAPD1008,USCAPD,35.66581667,-121.2867167,Piedras,California,USA,8cm epoxy robomussel,Mid,0.87,Rocky,exposed,3/21/2004,7/19/2004,,,,,
BMRMUSCAPD164,USCAPD,35.66581667,-121.2867167,Piedras,California,USA,8cm epoxy robomussel,Lower-Mid,N/A,Rocky,exposed,7/20/2004,8/24/2005,,,,,
BMRMUSCAPD167,USCAPD,35.66581667,-121.2867167,Piedras,California,USA,8cm epoxy robomussel,Low,N/A,Rocky,exposed,7/20/2004,8/24/2005,,,,,
BMRMUSCAPD168,USCAPD,35.66581667,-121.2867167,Piedras,California,USA,8cm epoxy robomussel,Upper-Mid,0.98,Rocky,exposed,3/21/2004,9/1/2011,,,,,
BMRMUSCAPD169,USCAPD,35.66581667,-121.2867167,Piedras,California,USA,8cm epoxy robomussel,Mid,0.87,Rocky,exposed,4/3/2001,8/24/2005,,,,,
BMRMUSCAPD170,USCAPD,35.66581667,-121.2867167,Piedras,California,USA,8cm epoxy robomussel,Mid,0.87,Rocky,exposed,7/20/2004,8/24/2005,,,,,
BMRMUSCAPD171,USCAPD,35.66581667,-121.2867167,Piedras,California,USA,8cm epoxy robomussel,Mid,0.87,Rocky,exposed,7/16/2000,8/24/2005,,,,,
BMRMUSCAPD172,USCAPD,35.66581667,-121.2867167,Piedras,California,USA,8cm epoxy robomussel,High,1.31,Rocky,exposed,7/20/2004,8/24/2005,,,,,
BMRMUSCAPD321,USCAPD,35.66581667,-121.2867167,Piedras,California,USA,8cm epoxy robomussel,Mid,0.87,Rocky,exposed,11/6/2010,8/10/2013,,,,,
BMRMUSCAPD326,USCAPD,35.66581667,-121.2867167,Piedras,California,USA,8cm epoxy robomussel,Mid,0.87,Rocky,exposed,11/6/2010,9/23/2012,,,,,
BMRMUSCAPD327,USCAPD,35.66581667,-121.2867167,Piedras,California,USA,8cm epoxy robomussel,Lower-Mid,N/A,Rocky,exposed,11/6/2010,9/1/2011,,,,,
BMRMUSCAPD53,USCAPD,35.66581667,-121.2867167,Piedras,California,USA,8cm epoxy robomussel,Mid,0.87,Rocky,exposed,7/16/2000,10/13/2002,,,,,
BMRMUSCAPD54,USCAPD,35.66581667,-121.2867167,Piedras,California,USA,8cm epoxy robomussel,Mid,0.87,Rocky,exposed,7/16/2000,1/2/2002,,,,,
BMRMUSCAPD55,USCAPD,35.66581667,-121.2867167,Piedras,California,USA,8cm epoxy robomussel,High,1.31,Rocky,exposed,7/16/2000,4/28/2001,,,,,
BMRMUSCAPD56,USCAPD,35.66581667,-121.2867167,Piedras,California,USA,8cm epoxy robomussel,High,1.31,Rocky,exposed,7/16/2000,7/22/2001,,,,,
BMRMUSCAPD57,USCAPD,35.66581667,-121.2867167,Piedras,California,USA,8cm epoxy robomussel,High,1.31,Rocky,exposed,7/16/2000,7/22/2001,,,,,
BMRMUSCAPD58,USCAPD,35.66581667,-121.2867167,Piedras,California,USA,8cm epoxy robomussel,Mid,0.87,Rocky,exposed,4/3/2001,9/14/2002,,,,,
BMRMUSCAPD59,USCAPD,35.66581667,-121.2867167,Piedras,California,USA,8cm epoxy robomussel,Mid,0.87,Rocky,exposed,4/3/2001,7/19/2004,,,,,
BMRMUSCAPD60,USCAPD,35.66581667,-121.2867167,Piedras,California,USA,8cm epoxy robomussel,Mid,0.87,Rocky,exposed,4/3/2001,7/19/2004,,,,,
BMRMUSCAPR317,USCAPR,34.02041667,-119.6866333,Prisoners Harbor,California,USA,8cm epoxy robomussel,High,1.02,Rocky,exposed,1/1/2005,11/17/2010,,,,,
BMRMUSCAPR318,USCAPR,34.02041667,-119.6866333,Prisoners Harbor,California,USA,8cm epoxy robomussel,Upper-Mid,0.87,Rocky,exposed,12/12/2004,11/17/2010,,,,,
BMRMUSCAPR319,USCAPR,34.02041667,-119.6866333,Prisoners Harbor,California,USA,8cm epoxy robomussel,Mid,0.46,Rocky,exposed,12/12/2004,4/5/2009,,,,,
BMRMUSCAPR320,USCAPR,34.02041667,-119.6866333,Prisoners Harbor,California,USA,8cm epoxy robomussel,Lower-Mid,0.39,Rocky,exposed,12/12/2004,4/5/2009,,,,,
BMRMUSCAPR50,USCAPR,34.02041667,-119.6866333,Prisoners Harbor,California,USA,8cm epoxy robomussel,High,1.02,Rocky,exposed,7/31/2000,9/3/2001,,,,,
BMRMUSCAPR51,USCAPR,34.02041667,-119.6866333,Prisoners Harbor,California,USA,8cm epoxy robomussel,High,1.02,Rocky,exposed,7/31/2000,5/12/2001,,,,,
BMRMUSCAPR52,USCAPR,34.02041667,-119.6866333,Prisoners Harbor,California,USA,8cm epoxy robomussel,Mid,0.46,Rocky,exposed,7/31/2000,9/3/2001,,,,,
BMRMUSCAPR53,USCAPR,34.02041667,-119.6866333,Prisoners Harbor,California,USA,8cm epoxy robomussel,Mid,0.46,Rocky,exposed,1/21/2001,9/3/2001,,,,,
BMRMUSCAPR54,USCAPR,34.02041667,-119.6866333,Prisoners Harbor,California,USA,8cm epoxy robomussel,Mid,0.46,Rocky,exposed,7/31/2000,9/3/2001,,,,,
BMRMUSCATR174,USCATR,41.06205,-124.14925,Terrace Point,California,USA,8cm epoxy robomussel,Mid,0.87,Rocky,exposed,9/2/2004,8/7/2009,,,,,
BMRMUSCATR89,USCATR,41.06205,-124.14925,Terrace Point,California,USA,8cm epoxy robomussel,Low,N/A,Rocky,exposed,9/2/2004,8/7/2009,,,,,
BMRMUSCATR91,USCATR,41.06205,-124.14925,Terrace Point,California,USA,8cm epoxy robomussel,Mid,0.87,Rocky,exposed,9/2/2004,8/7/2009,,,,,
BMRMUSCATR92,USCATR,41.06205,-124.14925,Terrace Point,California,USA,8cm epoxy robomussel,High,N/A,Rocky,exposed,9/2/2004,8/7/2009,,,,,
BMRMUSCATR93,USCATR,41.06205,-124.14925,Terrace Point,California,USA,8cm epoxy robomussel,Mid,0.87,Rocky,exposed,9/2/2004,8/7/2009,,,,,
BMRMUSCATR94,USCATR,41.06205,-124.14925,Terrace Point,California,USA,8cm epoxy robomussel,Lower-Mid,N/A,Rocky,exposed,3/4/2004,8/20/2004,,,,,
BMRMUSCATL163,USCATL,34.05165,-119.9032,Trailer,California,USA,8cm epoxy robomussel,High,0.67,Rocky,exposed,12/13/2004,12/9/2015,,,,,
BMRMUSCATL323,USCATL,34.05165,-119.9032,Trailer,California,USA,8cm epoxy robomussel,Upper-Mid,0.63,Rocky,exposed,5/30/2005,11/18/2010,,,,,
BMRMUSCATL324,USCATL,34.05165,-119.9032,Trailer,California,USA,8cm epoxy robomussel,Mid,0.53,Rocky,exposed,12/13/2004,9/24/2015,,,,,
BMRMUSCATL325,USCATL,34.05165,-119.9032,Trailer,California,USA,8cm epoxy robomussel,Lower-Mid,0.47,Rocky,exposed,12/13/2004,12/31/2010,,,,,
BMRMUSCATL326,USCATL,34.05165,-119.9032,Trailer,California,USA,8cm epoxy robomussel,Mid,0.53,Rocky,exposed,1/1/2011,9/5/2014,,,,,
BMRMUSCATL327,USCATL,34.05165,-119.9032,Trailer,California,USA,8cm epoxy robomussel,Mid,0.53,Rocky,exposed,11/19/2010,12/9/2015,,,,,
BMRMUSCATL328,USCATL,34.05165,-119.9032,Trailer,California,USA,8cm epoxy robomussel,Low,N/A,Rocky,exposed,7/12/2013,1/20/2014,,,,,
BMRMUSCATL329,USCATL,34.05165,-119.9032,Trailer,California,USA,8cm epoxy robomussel,Lower-Mid,0.47,Rocky,exposed,11/14/2012,12/9/2015,,,,,
BMRMUSCATL330,USCATL,34.05165,-119.9032,Trailer,California,USA,8cm epoxy robomussel,Mid,0.53,Rocky,exposed,11/23/2011,9/5/2014,,,,,
BMRMUSCAVD1,USCAVD,41.06205,-124.14925,Trinidad,California,USA,8cm epoxy robomussel,Mid,1.01,Rocky,exposed,4/28/2012,10/6/2013,,,,,
BMRMUSCAVD2,USCAVD,41.06205,-124.14925,Trinidad,California,USA,8cm epoxy robomussel,Mid,1.01,Rocky,exposed,4/28/2012,10/6/2013,,,,,
BMRMUSCAVL161,USCAVL,33.98366667,-119.6657667,Valley,California,USA,8cm epoxy robomussel,High,0.71,Rocky,exposed,12/12/2004,11/20/2010,,,,,
BMRMUSCAVL162,USCAVL,33.98366667,-119.6657667,Valley,California,USA,8cm epoxy robomussel,Mid,0.51,Rocky,exposed,12/12/2004,9/5/2014,,,,,
BMRMUSCAVL321,USCAVL,33.98366667,-119.6657667,Valley,California,USA,8cm epoxy robomussel,Upper-Mid,0.6,Rocky,exposed,12/12/2004,9/5/2014,,,,,
BMRMUSCAVL322,USCAVL,33.98366667,-119.6657667,Valley,California,USA,8cm epoxy robomussel,Lower-Mid,0.39,Rocky,exposed,10/7/2006,9/5/2014,,,,,
BMRMUSCAVL323,USCAVL,33.98366667,-119.6657667,Valley,California,USA,8cm epoxy robomussel,Low,N/A,Rocky,exposed,11/16/2012,9/5/2014,,,,,
BMRMUSCAVL324,USCAVL,33.98366667,-119.6657667,Valley,California,USA,8cm epoxy robomussel,Low,N/A,Rocky,exposed,11/19/2012,9/5/2014,,,,,
BMRMUSCAVL367,USCAVL,33.98366667,-119.6657667,Valley,California,USA,8cm epoxy robomussel,High,0.71,Rocky,exposed,11/21/2010,9/5/2014,,,,,
BMRMUSCAVL368,USCAVL,33.98366667,-119.6657667,Valley,California,USA,8cm epoxy robomussel,Mid,0.51,Rocky,exposed,11/21/2010,1/21/2014,,,,,
BMRMUSCAVL369,USCAVL,33.98366667,-119.6657667,Valley,California,USA,8cm epoxy robomussel,Mid,0.51,Rocky,exposed,11/21/2012,9/5/2014,,,,,
BMRMUSCAWL1,USCAWL,33.96178333,-119.75485,Willows,California,USA,8cm epoxy robomussel,High,0.39,Rocky,exposed,11/20/2011,11/25/2014,,,,,
BMRMUSCAWL152,USCAWL,33.96178333,-119.75485,Willows,California,USA,8cm epoxy robomussel,High,0.39,Rocky,exposed,5/29/2005,7/25/2010,,,,,
BMRMUSCAWL153,USCAWL,33.96178333,-119.75485,Willows,California,USA,8cm epoxy robomussel,Mid,0.15,Rocky,exposed,12/14/2004,7/25/2010,,,,,
BMRMUSCAWL154,USCAWL,33.96178333,-119.75485,Willows,California,USA,8cm epoxy robomussel,Lower-Mid,0.1,Rocky,exposed,4/23/2006,11/21/2010,,,,,
BMRMUSCAWL2,USCAWL,33.96178333,-119.75485,Willows,California,USA,8cm epoxy robomussel,Upper-Mid,0.26,Rocky,exposed,11/16/2012,7/1/2013,,,,,
BMRMUSCAWL3,USCAWL,33.96178333,-119.75485,Willows,California,USA,8cm epoxy robomussel,Mid,0.15,Rocky,exposed,1/1/2013,2/10/2014,,,,,
BMRMUSCAWL326,USCAWL,33.96178333,-119.75485,Willows,California,USA,8cm epoxy robomussel,Upper-Mid,0.26,Rocky,exposed,12/14/2004,11/21/2010,,,,,
BMRMUSCAWL371,USCAWL,33.96178333,-119.75485,Willows,California,USA,8cm epoxy robomussel,Mid,0.15,Rocky,exposed,11/22/2010,6/29/2011,,,,,
BMRMUSCAWL4,USCAWL,33.96178333,-119.75485,Willows,California,USA,8cm epoxy robomussel,Mid,0.15,Rocky,exposed,11/16/2012,11/25/2014,,,,,
BMRMUSCAWL5,USCAWL,33.96178333,-119.75485,Willows,California,USA,8cm epoxy robomussel,Mid,0.15,Rocky,exposed,11/16/2012,11/25/2014,,,,,
BMRMUSMADC500,USMADC,42.423707,-70.921884,Dorothy Cove,Massachusetts,USA,4cm shell robomussel,High,0.33,Rocky,exposed,6/25/2013,8/21/2013,,,,,
BMRMUSMANP507,USMANP,42.419968,-70.902284,East Point,Massachusetts,USA,4cm shell robomussel,Low,0.97,Rocky,protected,4/24/2014,8/18/2015,,,,,
BMRMUSMANP508,USMANP,42.419968,-70.902284,East Point,Massachusetts,USA,4cm shell robomussel,High,2.21,Rocky,exposed,1/8/2014,8/18/2015,,,,,
BMRMUSMANP509,USMANP,42.419968,-70.902284,East Point,Massachusetts,USA,4cm shell robomussel,Mid,1.07,Rocky,protected,1/8/2014,1/6/2016,,,,,
BMRMUSMANP510,USMANP,42.419968,-70.902284,East Point,Massachusetts,USA,4cm shell robomussel,High,2.21,Rocky,protected,1/8/2014,10/13/2015,,,,,
BMRMUSMANP511,USMANP,42.419968,-70.902284,East Point,Massachusetts,USA,4cm shell robomussel,Low,0.97,Rocky,exposed,1/8/2014,1/6/2016,,,,,
BMRMUSMANP512,USMANP,42.419968,-70.902284,East Point,Massachusetts,USA,4cm shell robomussel,Low,0.97,Rocky,exposed,1/8/2014,10/13/2015,,,,,
BMRMUSMANP513,USMANP,42.419968,-70.902284,East Point,Massachusetts,USA,4cm shell robomussel,High,2.21,Rocky,protected,1/8/2014,1/6/2016,,,,,
BMRMUSMANP514,USMANP,42.419968,-70.902284,East Point,Massachusetts,USA,4cm shell robomussel,High,2.21,Rocky,exposed,11/20/2014,10/13/2015,,,,,
BMRMUSMANP515,USMANP,42.419968,-70.902284,East Point,Massachusetts,USA,4cm shell robomussel,High,2.21,Rocky,protected,11/20/2014,1/6/2016,,,,,
BMRMUSMAPH400,USMAPH,42.41671,-70.90673,Pumphouse,Massachusetts,USA,4cm shell robomussel,High,2.39,Rocky,protected,7/21/2014,1/6/2016,,,,,
BMRMUSMAPH401,USMAPH,42.41663,-70.90686,Pumphouse,Massachusetts,USA,4cm shell robomussel,Low,0.97,Rocky,exposed,7/21/2014,10/13/2015,,,,,
BMRMUSMAPH402,USMAPH,42.41664,-70.90682,Pumphouse,Massachusetts,USA,4cm shell robomussel,Mid,1.73,Rocky,exposed,7/21/2014,1/6/2016,,,,,
BMRMUSMAPH525,USMAPH,42.41665,-70.90678,Pumphouse,Massachusetts,USA,4cm shell robomussel,High,2.39,Rocky,protected,7/11/2013,1/6/2016,,,,,
BMRMUSMAPH526,USMAPH,42.41671,-70.9068,Pumphouse,Massachusetts,USA,4cm shell robomussel,Low,0.97,Rocky,protected,7/21/2014,10/13/2015,,,,,
BMRMUSMAPH528,USMAPH,42.41675,-70.90671,Pumphouse,Massachusetts,USA,4cm shell robomussel,Mid,1.73,Rocky,exposed,4/24/2014,1/6/2016,,,,,
BMRMUSMAPH529,USMAPH,42.41673,-70.90636,Pumphouse,Massachusetts,USA,4cm shell robomussel,High,2.39,Rocky,exposed,4/24/2014,1/6/2016,,,,,
BMRMUSORBB1,USORBB,44.83064,-124.06005,Boiler Bay,Oregon,USA,8cm epoxy robomussel,Mid,1.27,Rocky,intermediate,4/8/2002,5/14/2002,,,,,
BMRMUSORBB10,USORBB,44.83064,-124.06005,Boiler Bay,Oregon,USA,8cm epoxy robomussel,Mid,1.27,Rocky,protected,10/16/2000,6/21/2013,,,,,
BMRMUSORBB11,USORBB,44.83064,-124.06005,Boiler Bay,Oregon,USA,8cm epoxy robomussel,Mid,1.27,Rocky,protected,10/16/2000,1/20/2015,,,,,
BMRMUSORBB12,USORBB,44.83064,-124.06005,Boiler Bay,Oregon,USA,8cm epoxy robomussel,Mid,1.27,Rocky,protected,8/4/2011,5/31/2012,,,,,
BMRMUSORBB13,USORBB,44.83064,-124.06005,Boiler Bay,Oregon,USA,8cm epoxy robomussel,High,1.63,Rocky,protected,3/6/2005,1/20/2015,,,,,
BMRMUSORBB14,USORBB,44.83064,-124.06005,Boiler Bay,Oregon,USA,8cm epoxy robomussel,Low,1.01,Rocky,protected,5/7/2004,3/31/2014,,,,,
BMRMUSORBB18,USORBB,44.83064,-124.06005,Boiler Bay,Oregon,USA,8cm epoxy robomussel,Mid,1.27,Rocky,protected,10/16/2000,10/6/2002,,,,,
BMRMUSORBB2,USORBB,44.83064,-124.06005,Boiler Bay,Oregon,USA,8cm epoxy robomussel,Mid,1.27,Rocky,intermediate,10/16/2000,1/20/2015,,,,,
BMRMUSORBB200,USORBB,44.83064,-124.06005,Boiler Bay,Oregon,USA,8cm epoxy robomussel,Mid,1.27,Rocky,exposed,5/22/2000,8/2/2006,,,,,
BMRMUSORBB3,USORBB,44.83064,-124.06005,Boiler Bay,Oregon,USA,8cm epoxy robomussel,Mid,1.27,Rocky,intermediate,10/16/2000,1/20/2015,,,,,
BMRMUSORBB4,USORBB,44.83064,-124.06005,Boiler Bay,Oregon,USA,8cm epoxy robomussel,Mid,1.27,Rocky,intermediate,4/8/2002,1/20/2015,,,,,
BMRMUSORBB5,USORBB,44.83064,-124.06005,Boiler Bay,Oregon,USA,8cm epoxy robomussel,Lower-Mid,1.16,Rocky,intermediate,4/21/2003,1/20/2015,,,,,
BMRMUSORBB50,USORBB,44.83064,-124.06005,Boiler Bay,Oregon,USA,8cm epoxy robomussel,Low,1.01,Rocky,protected,5/18/2002,10/6/2002,,,,,
BMRMUSORBB54,USORBB,44.83064,-124.06005,Boiler Bay,Oregon,USA,8cm epoxy robomussel,Low,1.01,Rocky,exposed,5/15/2002,10/6/2002,,,,,
BMRMUSORBB55,USORBB,44.83064,-124.06005,Boiler Bay,Oregon,USA,8cm epoxy robomussel,High,1.63,Rocky,protected,5/18/2002,10/6/2002,,,,,
BMRMUSORBB56,USORBB,44.83064,-124.06005,Boiler Bay,Oregon,USA,8cm epoxy robomussel,High,1.63,Rocky,exposed,5/22/2000,12/26/2002,,,,,
BMRMUSORBB57,USORBB,44.83064,-124.06005,Boiler Bay,Oregon,USA,8cm epoxy robomussel,Upper-Mid,1.47,Rocky,exposed,5/15/2002,12/26/2002,,,,,
BMRMUSORBB6,USORBB,44.83064,-124.06005,Boiler Bay,Oregon,USA,8cm epoxy robomussel,Low,1.01,Rocky,intermediate,5/6/2004,1/20/2015,,,,,
BMRMUSORBB61,USORBB,44.83064,-124.06005,Boiler Bay,Oregon,USA,8cm epoxy robomussel,High,1.63,Rocky,protected,5/23/2001,1/4/2002,,,,,
BMRMUSORBB65,USORBB,44.83064,-124.06005,Boiler Bay,Oregon,USA,8cm epoxy robomussel,High,1.63,Rocky,exposed,10/16/2000,5/23/2001,,,,,
BMRMUSORBB7,USORBB,44.83064,-124.06005,Boiler Bay,Oregon,USA,8cm epoxy robomussel,High,1.63,Rocky,intermediate,10/16/2000,1/20/2015,,,,,
BMRMUSORBB8,USORBB,44.83064,-124.06005,Boiler Bay,Oregon,USA,8cm epoxy robomussel,Upper-Mid,1.47,Rocky,intermediate,8/30/2004,3/31/2014,,,,,
BMRMUSORBB9,USORBB,44.83064,-124.06005,Boiler Bay,Oregon,USA,8cm epoxy robomussel,Mid,1.27,Rocky,protected,10/16/2000,6/18/2003,,,,,
BMRMUSORCA1014,USORCA,43.30664,-124.40235,Cape Arago,Oregon,USA,8cm epoxy robomussel,Low,0.34,Rocky,exposed,3/3/2004,8/30/2004,,,,,
BMRMUSORCA141,USORCA,43.30664,-124.40235,Cape Arago,Oregon,USA,8cm epoxy robomussel,Mid,1.31,Rocky,exposed,8/31/2004,10/21/2009,,,,,
BMRMUSORCA142,USORCA,43.30664,-124.40235,Cape Arago,Oregon,USA,8cm epoxy robomussel,Mid,1.31,Rocky,exposed,11/19/2005,5/19/2009,,,,,
BMRMUSORCA143,USORCA,43.30664,-124.40235,Cape Arago,Oregon,USA,8cm epoxy robomussel,High,1.81,Rocky,exposed,8/31/2004,5/1/2009,,,,,
BMRMUSORCA144,USORCA,43.30664,-124.40235,Cape Arago,Oregon,USA,8cm epoxy robomussel,Upper-Mid,1.5,Rocky,exposed,2/7/2005,10/21/2009,,,,,
BMRMUSORCA145,USORCA,43.30664,-124.40235,Cape Arago,Oregon,USA,8cm epoxy robomussel,Mid,1.31,Rocky,exposed,8/31/2004,10/21/2009,,,,,
BMRMUSORCA146,USORCA,43.30664,-124.40235,Cape Arago,Oregon,USA,8cm epoxy robomussel,Lower-Mid,1.22,Rocky,exposed,3/28/2004,10/21/2009,,,,,
BMRMUSORCA147,USORCA,43.30664,-124.40235,Cape Arago,Oregon,USA,8cm epoxy robomussel,Low,0.34,Rocky,exposed,11/19/2005,10/21/2009,,,,,
BMRMUSORFC1,USORFC,44.83733333,-124.05845,Fogarty Creek,Oregon,USA,8cm epoxy robomussel,Mid,N/A,Rocky,exposed,7/11/2006,6/4/2015,,,,,
BMRMUSORFC2,USORFC,44.83733333,-124.05845,Fogarty Creek,Oregon,USA,8cm epoxy robomussel,Mid,N/A,Rocky,exposed,7/11/2006,6/4/2015,,,,,
BMRMUSORFC2OA,USORFC,44.83733333,-124.05845,Fogarty Creek,Oregon,USA,8cm epoxy robomussel,Lower-Mid,N/A,Rocky,exposed,4/26/2013,9/22/2013,,,,,
BMRMUSORFC3,USORFC,44.83733333,-124.05845,Fogarty Creek,Oregon,USA,8cm epoxy robomussel,Mid,N/A,Rocky,exposed,3/18/2007,6/4/2015,,,,,
BMRMUSORFC4,USORFC,44.83733333,-124.05845,Fogarty Creek,Oregon,USA,8cm epoxy robomussel,Low,N/A,Rocky,exposed,7/11/2006,5/17/2014,,,,,
BMRMUSORFC5,USORFC,44.83733333,-124.05845,Fogarty Creek,Oregon,USA,8cm epoxy robomussel,Lower-Mid,N/A,Rocky,exposed,4/26/2013,9/22/2013,,,,,
BMRMUSORSH100,USORSH,44.24992,-124.11357,Strawberry Hill,Oregon,USA,8cm epoxy robomussel,High,1.61,Rocky,protected,5/24/2001,1/5/2002,,,,,
BMRMUSORSH102,USORSH,44.24992,-124.11357,Strawberry Hill,Oregon,USA,8cm epoxy robomussel,High,1.61,Rocky,protected,10/17/2000,1/5/2002,,,,,
BMRMUSORSH103,USORSH,44.24992,-124.11357,Strawberry Hill,Oregon,USA,8cm epoxy robomussel,High,1.61,Rocky,protected,5/24/2001,1/5/2002,,,,,
BMRMUSORSH104,USORSH,44.24992,-124.11357,Strawberry Hill,Oregon,USA,8cm epoxy robomussel,High,1.61,Rocky,protected,10/17/2000,5/23/2001,,,,,
BMRMUSORSH15,USORSH,44.24992,-124.11357,Strawberry Hill,Oregon,USA,8cm epoxy robomussel,Mid,1.1,Rocky,protected,5/22/2000,6/20/2013,,,,,
BMRMUSORSH16,USORSH,44.24992,-124.11357,Strawberry Hill,Oregon,USA,8cm epoxy robomussel,Mid,1.1,Rocky,protected,5/16/2002,1/20/2015,,,,,
BMRMUSORSH17,USORSH,44.24992,-124.11357,Strawberry Hill,Oregon,USA,8cm epoxy robomussel,High,1.61,Rocky,protected,5/25/2001,10/28/2014,,,,,
BMRMUSORSH18,USORSH,44.24992,-124.11357,Strawberry Hill,Oregon,USA,8cm epoxy robomussel,Mid,1.1,Rocky,protected,5/22/2000,10/28/2014,,,,,
BMRMUSORSH19,USORSH,44.24992,-124.11357,Strawberry Hill,Oregon,USA,8cm epoxy robomussel,Low,1.03,Rocky,protected,5/22/2000,10/28/2014,,,,,
BMRMUSORSH21,USORSH,44.24992,-124.11357,Strawberry Hill,Oregon,USA,8cm epoxy robomussel,Mid,1.1,Rocky,exposed,5/22/2000,10/28/2014,,,,,
BMRMUSORSH22,USORSH,44.24992,-124.11357,Strawberry Hill,Oregon,USA,8cm epoxy robomussel,Mid,1.1,Rocky,exposed,6/18/2003,10/28/2014,,,,,
BMRMUSORSH23,USORSH,44.24992,-124.11357,Strawberry Hill,Oregon,USA,8cm epoxy robomussel,Mid,1.1,Rocky,exposed,4/20/2003,3/31/2014,,,,,
BMRMUSORSH24,USORSH,44.24992,-124.11357,Strawberry Hill,Oregon,USA,8cm epoxy robomussel,High,1.61,Rocky,protected,5/7/2004,10/28/2014,,,,,
BMRMUSORSH3,USORSH,44.24992,-124.11357,Strawberry Hill,Oregon,USA,8cm epoxy robomussel,Lower-Mid,N/A,Rocky,exposed,7/13/2006,9/20/2013,,,,,
BMRMUSORSH30,USORSH,44.24992,-124.11357,Strawberry Hill,Oregon,USA,8cm epoxy robomussel,Mid,1.1,Rocky,exposed,10/17/2000,6/20/2013,,,,,
BMRMUSORSH31,USORSH,44.24992,-124.11357,Strawberry Hill,Oregon,USA,8cm epoxy robomussel,Mid,1.1,Rocky,exposed,10/17/2000,5/15/2002,,,,,
BMRMUSORSH32,USORSH,44.24992,-124.11357,Strawberry Hill,Oregon,USA,8cm epoxy robomussel,Mid,1.1,Rocky,exposed,5/22/2000,10/7/2002,,,,,
BMRMUSORSH33,USORSH,44.24992,-124.11357,Strawberry Hill,Oregon,USA,8cm epoxy robomussel,Mid,1.1,Rocky,protected,4/9/2002,5/6/2002,,,,,
BMRMUSORSH366,USORSH,44.24992,-124.11357,Strawberry Hill,Oregon,USA,8cm epoxy robomussel,Mid,1.1,Rocky,protected,5/16/2002,10/7/2002,,,,,
BMRMUSORSH367,USORSH,44.24992,-124.11357,Strawberry Hill,Oregon,USA,8cm epoxy robomussel,Low,1.03,Rocky,protected,4/20/2003,6/17/2003,,,,,
BMRMUSORSH369,USORSH,44.24992,-124.11357,Strawberry Hill,Oregon,USA,8cm epoxy robomussel,Upper-Mid,1.15,Rocky,N/A,4/20/2003,6/16/2003,,,,,
BMRMUSORSH4,USORSH,44.24992,-124.11357,Strawberry Hill,Oregon,USA,8cm epoxy robomussel,Lower-Mid,N/A,Rocky,exposed,7/14/2006,2/13/2007,,,,,
BMRMUSSCOL374,USSCOL,33.349531,-79.188833,Oyster Landing,South Carolina,USA,8cm shell robomussel,Low,N/A,Muddy,exposed,9/18/2011,1/28/2013,,,,,
BMRMUSSCOL375,USSCOL,33.349531,-79.188833,Oyster Landing,South Carolina,USA,8cm shell robomussel,Lower-Mid,N/A,Muddy,exposed,9/18/2011,1/28/2013,,,,,
BMRMUSSCOL376,USSCOL,33.349531,-79.188833,Oyster Landing,South Carolina,USA,8cm shell robomussel,Mid,N/A,Muddy,exposed,9/18/2011,1/28/2013,,,,,
BMRMUSSCOL377,USSCOL,33.349531,-79.188833,Oyster Landing,South Carolina,USA,8cm shell robomussel,Upper-Mid,N/A,Muddy,exposed,9/18/2011,1/23/2012,,,,,
BMRMUSSCOL378,USSCOL,33.349531,-79.188833,Oyster Landing,South Carolina,USA,8cm shell robomussel,High,N/A,Muddy,exposed,9/18/2011,1/22/2012,,,,,
BMRMUSWACP1,USWACP,48.45135,-122.9617833,Cattle Point,Washington,USA,8cm epoxy robomussel,Mid,1.11,Rocky,protected,4/4/2002,11/27/2014,,,,,
BMRMUSWACP1000,USWACP,48.45135,-122.9617833,Cattle Point,Washington,USA,8cm epoxy robomussel,High,2.35,Rocky,protected,10/8/2003,5/2/2004,,,,,
BMRMUSWACP1001,USWACP,48.45135,-122.9617833,Cattle Point,Washington,USA,8cm epoxy robomussel,Upper-Mid,1.18,Rocky,protected,10/8/2003,4/30/2004,,,,,
BMRMUSWACP1002,USWACP,48.45135,-122.9617833,Cattle Point,Washington,USA,8cm epoxy robomussel,Mid,1.11,Rocky,protected,10/23/2003,4/30/2004,,,,,
BMRMUSWACP1003,USWACP,48.45135,-122.9617833,Cattle Point,Washington,USA,8cm epoxy robomussel,Mid,1.11,Rocky,protected,10/23/2003,4/30/2004,,,,,
BMRMUSWACP1004,USWACP,48.45135,-122.9617833,Cattle Point,Washington,USA,8cm epoxy robomussel,Lower-Mid,0.91,Rocky,protected,10/23/2003,4/30/2004,,,,,
BMRMUSWACP105,USWACP,48.45135,-122.9617833,Cattle Point,Washington,USA,8cm epoxy robomussel,Mid,1.11,Rocky,protected,10/11/2004,11/27/2014,,,,,
BMRMUSWACP106,USWACP,48.45135,-122.9617833,Cattle Point,Washington,USA,8cm epoxy robomussel,Low,0.71,Rocky,protected,5/26/2002,1/23/2014,,,,,
BMRMUSWACP107,USWACP,48.45135,-122.9617833,Cattle Point,Washington,USA,8cm epoxy robomussel,High,2.35,Rocky,protected,5/6/2004,11/27/2014,,,,,
BMRMUSWACP2,USWACP,48.45135,-122.9617833,Cattle Point,Washington,USA,8cm epoxy robomussel,Mid,1.11,Rocky,protected,11/5/2002,11/27/2014,,,,,
BMRMUSWACP3,USWACP,48.45135,-122.9617833,Cattle Point,Washington,USA,8cm epoxy robomussel,Mid,1.11,Rocky,protected,5/26/2002,8/11/2002,,,,,
BMRMUSWACP4,USWACP,48.45135,-122.9617833,Cattle Point,Washington,USA,8cm epoxy robomussel,Mid,1.11,Rocky,protected,5/26/2002,8/15/2003,,,,,
BMRMUSWACP6,USWACP,48.45135,-122.9617833,Cattle Point,Washington,USA,8cm epoxy robomussel,Lower-Mid,0.91,Rocky,protected,5/26/2002,2/27/2003,,,,,
BMRMUSWACC1,USWACC,48.5494,-123.0059667,Colins Cove,Washington,USA,8cm epoxy robomussel,Mid,1.01,Rocky,protected,4/4/2002,12/29/2003,,,,,
BMRMUSWACC1000,USWACC,48.5494,-123.0059667,Colins Cove,Washington,USA,8cm epoxy robomussel,Mid,1.01,Rocky,protected,10/15/2003,5/2/2004,,,,,
BMRMUSWACC103,USWACC,48.5494,-123.0059667,Colins Cove,Washington,USA,8cm epoxy robomussel,High,2.11,Rocky,protected,5/27/2002,9/1/2009,,,,,
BMRMUSWACC109,USWACC,48.5494,-123.0059667,Colins Cove,Washington,USA,8cm epoxy robomussel,Upper-Mid,1.84,Rocky,protected,10/8/2003,10/6/2009,,,,,
BMRMUSWACC110,USWACC,48.5494,-123.0059667,Colins Cove,Washington,USA,8cm epoxy robomussel,Mid,1.01,Rocky,protected,5/4/2004,5/18/2010,,,,,
BMRMUSWACC129,USWACC,48.5494,-123.0059667,Colins Cove,Washington,USA,8cm epoxy robomussel,Lower-Mid,0.58,Rocky,protected,10/12/2003,5/18/2010,,,,,
BMRMUSWACC130,USWACC,48.5494,-123.0059667,Colins Cove,Washington,USA,8cm epoxy robomussel,Low,0.59,Rocky,protected,5/26/2002,5/18/2010,,,,,
BMRMUSWACC131,USWACC,48.5494,-123.0059667,Colins Cove,Washington,USA,8cm epoxy robomussel,Mid,1.01,Rocky,protected,5/6/2004,4/17/2009,,,,,
BMRMUSWACC136,USWACC,48.5494,-123.0059667,Colins Cove,Washington,USA,8cm epoxy robomussel,Mid,1.01,Rocky,protected,5/6/2004,8/22/2007,,,,,
BMRMUSWACC2,USWACC,48.5494,-123.0059667,Colins Cove,Washington,USA,8cm epoxy robomussel,Mid,1.01,Rocky,protected,4/4/2002,2/28/2003,,,,,
BMRMUSWACC3,USWACC,48.5494,-123.0059667,Colins Cove,Washington,USA,8cm epoxy robomussel,Mid,1.01,Rocky,protected,4/4/2002,5/2/2004,,,,,
BMRMUSWACC6,USWACC,48.5494,-123.0059667,Colins Cove,Washington,USA,8cm epoxy robomussel,Mid,1.01,Rocky,protected,5/26/2002,11/3/2002,,,,,
BMRMUSWALB10,USWALB,48.39381667,-124.7354833,Landing Beach,Washington,USA,8cm epoxy robomussel,Mid,1.17,Rocky,protected,6/24/2001,9/3/2001,,,,,
BMRMUSWALB11,USWALB,48.39381667,-124.7354833,Landing Beach,Washington,USA,8cm epoxy robomussel,Mid,1.17,Rocky,protected,6/24/2001,9/3/2001,,,,,
BMRMUSWALB12,USWALB,48.39381667,-124.7354833,Landing Beach,Washington,USA,8cm epoxy robomussel,Mid,1.17,Rocky,protected,6/24/2001,9/3/2001,,,,,
BMRMUSWALB13,USWALB,48.39381667,-124.7354833,Landing Beach,Washington,USA,8cm epoxy robomussel,Mid,1.17,Rocky,protected,9/4/2001,8/4/2002,,,,,
BMRMUSWALB14,USWALB,48.39381667,-124.7354833,Landing Beach,Washington,USA,8cm epoxy robomussel,Mid,1.17,Rocky,protected,9/4/2001,8/4/2002,,,,,
BMRMUSWALB15,USWALB,48.39381667,-124.7354833,Landing Beach,Washington,USA,8cm epoxy robomussel,Mid,1.17,Rocky,protected,9/4/2001,8/4/2002,,,,,
BMRMUSWALB16,USWALB,48.39381667,-124.7354833,Landing Beach,Washington,USA,8cm epoxy robomussel,Mid,1.17,Rocky,protected,9/4/2001,8/4/2002,,,,,
BMRMUSWALB17,USWALB,48.39381667,-124.7354833,Landing Beach,Washington,USA,8cm epoxy robomussel,Mid,1.17,Rocky,protected,9/4/2001,8/4/2002,,,,,
BMRMUSWALB18,USWALB,48.39381667,-124.7354833,Landing Beach,Washington,USA,8cm epoxy robomussel,Mid,1.17,Rocky,protected,9/4/2001,8/4/2002,,,,,
BMRMUSWALB2,USWALB,48.39381667,-124.7354833,Landing Beach,Washington,USA,8cm epoxy robomussel,High,2,Rocky,protected,6/23/2001,9/3/2001,,,,,
BMRMUSWALB3,USWALB,48.39381667,-124.7354833,Landing Beach,Washington,USA,8cm epoxy robomussel,Upper-Mid,1.47,Rocky,protected,6/23/2001,9/3/2001,,,,,
BMRMUSWALB4,USWALB,48.39381667,-124.7354833,Landing Beach,Washington,USA,8cm epoxy robomussel,Mid,1.17,Rocky,protected,6/23/2001,9/3/2001,,,,,
BMRMUSWALB5,USWALB,48.39381667,-124.7354833,Landing Beach,Washington,USA,8cm epoxy robomussel,Low,0.76,Rocky,protected,6/23/2001,9/3/2001,,,,,
BMRMUSWALB6,USWALB,48.39381667,-124.7354833,Landing Beach,Washington,USA,8cm epoxy robomussel,Mid,1.17,Rocky,protected,6/23/2001,9/3/2001,,,,,
BMRMUSWALB8,USWALB,48.39381667,-124.7354833,Landing Beach,Washington,USA,8cm epoxy robomussel,Mid,1.17,Rocky,protected,6/24/2001,9/3/2001,,,,,
BMRMUSWALB9,USWALB,48.39381667,-124.7354833,Landing Beach,Washington,USA,8cm epoxy robomussel,Mid,1.17,Rocky,protected,6/24/2001,9/3/2001,,,,,
BMRMUSWASD10,USWASD,48.39136667,-124.7383667,Strawberry Point,Washington,USA,8cm epoxy robomussel,Upper-Mid,1.67,Rocky,exposed,6/22/2001,8/16/2002,,,,,
BMRMUSWASD12,USWASD,48.39136667,-124.7383667,Strawberry Point,Washington,USA,8cm epoxy robomussel,Mid,1.39,Rocky,exposed,6/22/2001,8/23/2002,,,,,
BMRMUSWASD13,USWASD,48.39136667,-124.7383667,Strawberry Point,Washington,USA,8cm epoxy robomussel,Mid,1.39,Rocky,exposed,6/18/2000,5/24/2001,,,,,
BMRMUSWASD14,USWASD,48.39136667,-124.7383667,Strawberry Point,Washington,USA,8cm epoxy robomussel,High,1.89,Rocky,exposed,6/18/2000,10/19/2000,,,,,
BMRMUSWASD15,USWASD,48.39136667,-124.7383667,Strawberry Point,Washington,USA,8cm epoxy robomussel,Mid,1.39,Rocky,exposed,6/22/2001,8/23/2002,,,,,
BMRMUSWASD17,USWASD,48.39136667,-124.7383667,Strawberry Point,Washington,USA,8cm epoxy robomussel,High,1.89,Rocky,exposed,6/18/2000,2/2/2002,,,,,
BMRMUSWASD18,USWASD,48.39136667,-124.7383667,Strawberry Point,Washington,USA,8cm epoxy robomussel,Mid,1.39,Rocky,exposed,6/18/2000,4/24/2002,,,,,
BMRMUSWASD2,USWASD,48.39136667,-124.7383667,Strawberry Point,Washington,USA,8cm epoxy robomussel,High,1.89,Rocky,exposed,6/18/2000,2/2/2002,,,,,
BMRMUSWASD20,USWASD,48.39136667,-124.7383667,Strawberry Point,Washington,USA,8cm epoxy robomussel,High,1.89,Rocky,exposed,6/18/2000,2/2/2002,,,,,
BMRMUSWASD21,USWASD,48.39136667,-124.7383667,Strawberry Point,Washington,USA,8cm epoxy robomussel,Mid,1.39,Rocky,exposed,6/18/2000,8/23/2002,,,,,
BMRMUSWASD3,USWASD,48.39136667,-124.7383667,Strawberry Point,Washington,USA,8cm epoxy robomussel,Mid,1.39,Rocky,exposed,10/27/2000,8/23/2002,,,,,
BMRMUSWASD5,USWASD,48.39136667,-124.7383667,Strawberry Point,Washington,USA,8cm epoxy robomussel,High,1.89,Rocky,exposed,6/18/2000,2/2/2002,,,,,
BMRMUSWASD6,USWASD,48.39136667,-124.7383667,Strawberry Point,Washington,USA,8cm epoxy robomussel,Mid,1.39,Rocky,exposed,6/18/2000,8/23/2002,,,,,
BMRMUSWASD9,USWASD,48.39136667,-124.7383667,Strawberry Point,Washington,USA,8cm epoxy robomussel,High,1.89,Rocky,exposed,6/18/2000,6/21/2002,,,,,
